x,y,size,angle,response,octave,class_id,0,1,2,3,4,5,6,7,8,9,10,11,12,13,14,15,16,17,18,19,20,21,22,23,24,25,26,27,28,29,30,31
824.0,559.0,31.0,98.45446014404297,0.01062057539820671,0,-1,24,16,6,45,11,83,33,88,54,228,230,4,67,162,2,214,48,76,232,8,8,208,247,20,196,227,65,1,99,36,46,208
730.0,463.0,31.0,74.51353454589844,0.010666130110621452,0,-1,72,58,26,122,40,205,16,88,134,28,164,109,180,199,98,16,132,51,235,0,6,67,138,49,83,129,33,185,88,0,15,211
1482.0,320.0,31.0,310.3679504394531,0.010054145939648151,0,-1,96,4,192,1,48,10,66,32,112,128,226,168,67,0,144,80,18,196,108,44,40,176,5,14,32,166,32,16,100,130,66,0
1504.0,463.0,31.0,256.75836181640625,0.008591212332248688,0,-1,98,33,2,16,8,129,2,72,170,176,128,8,198,194,68,18,128,68,104,65,10,67,202,17,152,20,9,62,0,2,19,4
1397.0,494.0,31.0,306.4793395996094,0.009464547969400883,0,-1,90,48,129,164,11,89,16,0,38,224,130,137,207,23,64,246,2,212,249,129,9,67,209,0,209,225,141,19,38,36,20,50
1348.0,442.0,31.0,257.1513671875,0.008009945042431355,0,-1,67,32,209,64,98,9,40,0,42,176,0,136,148,18,80,50,35,81,90,141,1,64,172,80,140,8,15,52,4,0,3,160
983.0,584.0,31.0,351.341796875,0.0101874228566885,0,-1,69,48,185,68,128,12,85,16,96,134,38,12,18,50,67,58,4,68,104,24,132,64,176,0,203,168,4,0,192,112,70,98
915.0,362.0,31.0,320.1930236816406,0.007590327877551317,0,-1,196,112,145,100,8,12,69,16,98,234,34,76,215,23,65,26,132,68,109,78,193,100,153,0,193,168,101,48,64,48,67,99
1370.0,527.0,31.0,176.42431640625,0.010382133536040783,0,-1,5,112,184,32,132,45,81,144,98,180,36,13,150,25,83,26,129,69,64,21,148,96,152,0,200,137,5,116,200,113,75,2
1138.0,577.0,31.0,277.7644958496094,0.008089078590273857,0,-1,112,32,0,8,74,1,0,72,6,160,192,8,132,2,64,16,0,12,74,0,0,83,195,16,148,128,9,56,16,8,3,128
609.0,346.0,31.0,146.10073852539062,0.015868650749325752,0,-1,40,32,64,105,52,11,66,0,118,32,98,160,195,0,128,208,82,12,140,8,40,176,77,26,160,231,33,20,102,138,80,0
599.0,363.0,31.0,136.57156372070312,0.010382134467363358,0,-1,120,20,105,101,20,90,66,35,116,96,238,137,83,45,16,112,50,132,125,45,40,176,117,14,115,239,160,17,103,168,86,114
1137.0,575.0,31.0,80.34039306640625,0.007874583825469017,0,-1,34,32,18,152,8,137,0,72,138,32,160,9,134,194,32,16,128,33,74,1,0,67,138,80,144,16,9,58,80,0,3,0
937.0,347.0,31.0,88.55008697509766,0.017076220363378525,0,-1,121,16,101,69,37,90,96,16,117,64,102,229,83,13,146,116,80,204,164,12,141,240,117,2,198,255,32,1,111,132,86,118
1039.0,573.0,31.0,163.006103515625,0.010022909380495548,0,-1,109,112,144,4,197,60,100,16,105,162,34,76,74,48,85,158,0,68,96,28,128,112,144,64,6,58,69,50,202,119,66,4
447.0,335.0,31.0,172.69497680664062,0.0076697226613759995,0,-1,68,112,177,68,0,108,65,16,96,162,32,8,82,55,65,58,0,84,96,90,1,100,176,0,1,138,69,32,200,113,70,48
1037.0,573.0,31.0,185.19363403320312,0.0072636413387954235,0,-1,77,32,153,64,197,121,114,1,99,227,45,8,26,48,65,190,17,92,240,16,21,112,168,2,79,93,5,103,202,99,202,6
933.0,349.0,31.0,89.09368896484375,0.014909154735505581,0,-1,112,16,101,101,16,78,64,48,117,72,98,225,83,61,148,112,86,212,60,32,173,176,85,12,131,250,96,128,109,164,64,55
1397.0,414.0,31.0,33.34743881225586,0.012366203591227531,0,-1,67,48,16,40,11,13,72,8,43,112,32,205,143,2,64,148,135,129,200,5,15,64,222,17,128,208,9,62,88,4,3,20
1462.0,472.0,31.0,193.3324737548828,0.01151187252253294,0,-1,121,34,136,36,9,28,72,16,33,164,134,205,195,40,18,210,196,196,237,5,140,66,213,0,194,113,192,17,40,164,26,20
918.0,392.0,31.0,223.74420166015625,0.008089338429272175,0,-1,32,160,24,96,8,73,80,136,98,48,36,8,19,17,64,16,9,128,64,8,10,96,74,17,67,137,1,61,81,8,78,2
456.0,364.0,31.0,189.0012969970703,0.011759685352444649,0,-1,69,176,16,161,128,13,32,9,106,113,1,28,150,18,72,24,129,5,72,29,23,64,152,80,140,144,15,116,136,0,131,130
1382.0,304.0,31.0,108.33113861083984,0.008524834178388119,0,-1,112,32,177,101,76,13,160,64,34,160,128,10,149,57,80,2,136,84,123,129,8,115,192,0,85,128,137,48,1,8,22,162
914.0,390.0,31.0,234.12501525878906,0.010347513481974602,0,-1,44,160,0,50,137,153,16,140,3,49,160,9,174,64,72,150,137,194,192,16,14,98,74,49,152,208,21,127,66,12,2,14
742.0,473.0,31.0,241.57244873046875,0.017722826451063156,0,-1,64,185,252,63,42,205,187,152,174,116,38,133,181,119,66,18,6,115,123,68,2,8,91,113,77,129,11,56,88,130,7,112
1136.0,332.0,31.0,112.85407257080078,0.008198668248951435,0,-1,245,197,191,68,141,92,87,168,227,210,174,8,82,245,119,119,129,100,120,106,77,97,186,65,123,249,69,63,82,118,118,102
739.0,555.0,31.0,133.29461669921875,0.01319085992872715,0,-1,97,34,121,44,104,5,73,8,106,60,224,77,145,2,198,82,199,205,110,140,132,82,237,16,68,168,161,188,16,160,66,193
910.0,364.0,31.0,317.2169189453125,0.008307998068630695,0,-1,225,49,177,100,0,12,85,48,96,238,32,76,82,53,0,51,4,84,116,106,201,96,240,0,97,168,100,48,64,178,70,99
924.0,353.0,31.0,59.820716857910156,0.008122658357024193,0,-1,72,32,40,88,73,205,161,72,198,0,132,8,217,209,48,96,64,176,123,136,2,67,218,17,87,73,11,57,114,8,3,34
926.0,353.0,31.0,71.95662689208984,0.011817995458841324,0,-1,16,0,199,125,15,10,72,8,23,128,66,3,195,201,48,192,80,92,57,12,8,240,211,16,131,250,1,8,118,136,112,130
1382.0,313.0,31.0,272.62188720703125,0.007799095008522272,0,-1,120,32,96,40,9,89,80,0,33,96,164,137,135,21,2,52,40,132,217,1,12,2,228,0,211,225,0,59,50,4,22,102
1181.0,386.0,31.0,154.24673461914062,0.007956582121551037,0,-1,96,52,149,68,0,72,68,32,96,194,32,8,82,52,0,51,0,84,96,34,105,96,241,8,1,162,64,16,72,112,70,48
467.0,541.0,31.0,151.14503479003906,0.012839443981647491,0,-1,5,34,161,33,164,15,225,16,118,236,18,77,215,1,209,8,21,76,101,29,136,240,201,2,205,140,37,116,192,232,19,225
1378.0,306.0,31.0,23.5026912689209,0.00988234207034111,0,-1,101,32,161,164,132,108,65,136,98,242,2,8,214,49,81,122,129,68,120,25,9,64,249,0,137,168,65,52,128,121,86,96
162.0,504.0,31.0,114.41819763183594,0.011366099119186401,0,-1,64,2,109,101,20,78,96,16,100,64,66,69,211,0,16,112,64,132,108,8,137,176,117,12,197,170,96,16,32,136,84,50
1380.0,312.0,31.0,284.3717041015625,0.012759269215166569,0,-1,114,32,97,32,8,73,64,0,41,32,130,137,151,13,20,16,136,148,89,1,8,67,196,0,129,144,0,49,52,8,22,2
74.0,245.0,31.0,186.21482849121094,0.010211631655693054,0,-1,32,32,49,64,8,73,1,8,34,164,160,8,2,7,64,18,1,84,64,0,8,66,234,16,9,128,5,56,64,0,6,96
624.0,354.0,31.0,98.55128479003906,0.007490369025617838,0,-1,106,50,2,8,75,209,1,64,160,108,132,12,12,134,34,148,128,164,234,1,1,3,178,0,16,97,9,187,2,12,47,213
1378.0,311.0,31.0,293.9664306640625,0.008956165984272957,0,-1,98,32,65,96,104,73,72,0,44,32,162,137,146,7,20,16,202,145,91,1,8,2,209,0,148,0,137,48,68,8,22,32
1553.0,491.0,31.0,348.5409240722656,0.009605634026229382,0,-1,68,176,152,96,136,73,17,137,34,49,37,25,22,23,72,18,129,23,73,0,18,64,152,17,201,128,5,125,128,0,134,50
432.0,248.0,31.0,116.86366271972656,0.007402125280350447,0,-1,112,48,45,97,18,75,17,80,54,228,198,9,82,21,0,16,16,156,121,0,41,210,113,28,209,162,1,49,96,0,22,115
925.0,357.0,31.0,23.966428756713867,0.010761403478682041,0,-1,70,168,188,219,141,232,145,143,203,181,132,24,166,176,69,78,129,87,104,17,26,104,235,160,141,176,94,123,208,89,135,46
679.0,478.0,31.0,53.69318389892578,0.008333507925271988,0,-1,168,254,80,58,113,141,18,184,51,98,32,237,175,71,2,145,135,57,197,70,111,30,72,63,230,209,33,184,90,132,10,25
1115.0,311.0,31.0,263.88531494140625,0.010890256613492966,0,-1,57,48,69,1,2,74,97,3,100,64,66,164,211,20,128,112,64,140,104,12,9,144,245,0,132,160,32,0,104,0,0,112
1040.0,307.0,31.0,66.91061401367188,0.008919200859963894,0,-1,65,48,27,8,8,73,0,72,172,96,132,12,150,134,34,208,128,5,202,4,1,3,114,0,144,0,10,57,24,0,43,80
1044.0,307.0,31.0,71.36502838134766,0.016419202089309692,0,-1,65,48,58,8,72,93,17,88,230,100,134,12,144,132,34,80,4,4,234,0,129,67,251,16,80,33,1,56,88,0,11,82
488.0,269.0,31.0,89.0761489868164,0.01048391405493021,0,-1,66,186,161,18,40,205,145,152,170,252,0,109,180,198,198,18,133,99,109,1,131,73,250,113,201,16,47,186,0,0,7,119
1064.0,537.0,31.0,275.5985412597656,0.017357615754008293,0,-1,56,50,63,65,1,91,81,19,118,108,246,108,82,132,130,144,16,140,228,0,137,242,227,16,65,43,33,145,106,4,94,113
1048.0,307.0,31.0,89.48625946044922,0.011327574029564857,0,-1,56,48,96,5,19,95,82,16,119,100,198,15,66,13,2,20,24,204,233,0,172,208,245,158,83,103,129,19,107,12,94,86
287.0,379.0,31.0,185.58644104003906,0.007599438540637493,0,-1,100,32,185,96,128,105,17,128,98,181,39,24,22,23,64,58,1,84,104,16,18,96,168,0,201,129,5,117,192,65,70,34
402.0,290.0,31.0,108.14168548583984,0.01048391405493021,0,-1,0,32,64,1,2,9,32,0,36,32,194,128,131,2,128,16,72,8,74,128,8,144,197,0,132,128,0,32,32,128,18,128
533.0,291.0,31.0,138.32620239257812,0.008832518942654133,0,-1,88,48,101,69,0,74,97,0,116,96,66,128,211,21,16,96,24,220,120,8,9,208,245,0,197,32,128,0,100,8,86,242
1378.0,309.0,31.0,304.44091796875,0.012052270583808422,0,-1,96,32,1,237,104,65,8,8,2,160,64,168,213,3,208,18,10,93,113,137,9,82,201,16,132,160,169,176,36,128,18,160
1429.0,490.0,31.0,136.4431610107422,0.019459601491689682,0,-1,36,32,145,96,160,105,1,1,34,182,32,57,22,7,65,26,1,20,65,16,1,96,192,0,201,128,5,52,192,120,6,50
595.0,373.0,31.0,250.68409729003906,0.00921725481748581,0,-1,223,37,83,32,147,79,74,96,33,224,168,141,79,39,65,146,62,197,209,246,45,129,148,14,185,196,5,112,235,102,3,80
632.0,370.0,31.0,262.42120361328125,0.009183415211737156,0,-1,1,50,33,1,104,13,33,16,108,96,4,236,150,4,130,48,6,4,90,13,129,32,244,0,4,32,32,48,76,136,19,241
129.0,308.0,31.0,194.03778076171875,0.009963298216462135,0,-1,68,96,177,64,128,105,1,0,98,182,32,24,18,53,65,58,1,84,64,16,16,100,160,0,73,128,69,52,192,113,6,96
1044.0,309.0,31.0,62.91100311279297,0.011937475763261318,0,-1,65,176,172,29,8,205,185,152,174,244,4,12,244,212,210,34,5,98,121,12,131,65,250,17,79,41,13,60,8,128,11,112
1040.0,309.0,31.0,49.967529296875,0.008919200859963894,0,-1,67,184,1,26,9,205,9,136,174,240,0,12,180,214,74,54,133,99,120,5,131,65,186,113,136,16,11,58,24,4,3,84
563.0,308.0,31.0,138.47052001953125,0.008874167688190937,0,-1,0,32,69,1,32,74,97,0,116,68,98,128,195,4,144,80,18,12,40,8,9,240,101,8,132,162,32,0,100,128,84,96
452.0,368.0,31.0,271.3968811035156,0.021491309627890587,0,-1,108,32,240,100,161,88,84,32,97,134,38,136,75,41,81,62,2,212,232,10,8,96,164,0,75,249,69,1,230,240,70,34
134.0,309.0,31.0,184.8983154296875,0.012134529650211334,0,-1,97,96,177,68,4,72,68,0,96,194,32,8,18,16,65,58,1,84,96,2,65,100,160,0,1,168,69,0,72,112,66,32
1554.0,487.0,31.0,21.041929244995117,0.0074862041510641575,0,-1,112,41,26,104,24,201,19,64,130,32,172,8,22,215,34,16,136,177,72,64,8,35,202,24,243,133,1,57,112,10,14,2
1376.0,308.0,31.0,326.6251220703125,0.011687839403748512,0,-1,32,38,1,229,16,15,74,16,54,40,202,200,211,5,16,64,92,212,93,44,41,144,65,14,161,166,160,144,96,138,18,48
910.0,556.0,31.0,239.92709350585938,0.010108809918165207,0,-1,57,32,17,168,11,77,80,72,43,96,160,9,15,7,0,144,160,129,200,4,13,67,80,16,147,192,1,51,112,12,10,82
400.0,290.0,31.0,73.55682373046875,0.013262704014778137,0,-1,98,32,18,56,9,137,16,72,171,0,160,9,6,194,100,144,128,33,192,0,12,67,138,16,144,208,9,59,16,0,3,6
631.0,358.0,31.0,91.4389877319336,0.008215067908167839,0,-1,64,178,41,26,40,205,177,152,174,92,4,237,180,213,194,96,7,51,123,5,130,65,234,113,77,0,41,184,16,128,5,115
1352.0,492.0,31.0,12.265447616577148,0.00858262274414301,0,-1,4,160,177,64,128,105,17,128,34,181,37,24,22,23,73,26,1,80,64,16,16,96,168,16,73,128,5,117,192,1,134,34
1394.0,492.0,31.0,328.25506591796875,0.010921494103968143,0,-1,114,34,73,64,40,73,64,0,35,112,138,169,131,7,192,114,0,212,108,0,9,64,237,16,131,240,1,183,32,128,6,118
597.0,374.0,31.0,250.21153259277344,0.007271450012922287,0,-1,91,36,209,36,19,78,90,64,49,192,168,141,79,39,0,210,182,205,209,180,45,129,144,14,179,231,12,0,43,166,2,82
535.0,545.0,31.0,112.22738647460938,0.007879269309341908,0,-1,112,20,71,69,26,10,67,32,52,96,130,197,83,38,0,113,112,212,108,160,41,193,85,14,241,38,224,16,40,32,84,50
1379.0,302.0,31.0,89.51248931884766,0.007434142753481865,0,-1,114,32,58,104,9,73,81,64,229,36,160,8,2,152,36,112,192,149,121,1,12,3,225,0,211,176,0,59,64,0,118,38
738.0,553.0,31.0,121.84026336669922,0.008001615293323994,0,-1,99,34,72,192,40,25,72,16,39,172,132,8,195,2,198,16,132,132,110,140,12,64,229,16,138,152,165,176,32,128,10,5
428.0,359.0,31.0,342.704345703125,0.010084081441164017,0,-1,64,48,145,68,0,72,0,0,32,192,34,8,18,54,64,114,0,84,96,16,1,64,176,0,1,160,68,0,200,32,6,48
1195.0,301.0,31.0,44.064422607421875,0.009821689687669277,0,-1,40,160,24,98,129,25,16,140,98,53,44,9,46,11,74,144,129,19,192,16,6,104,8,49,203,193,21,117,64,2,202,10
828.0,518.0,31.0,129.09286499023438,0.014245369471609592,0,-1,64,40,64,5,48,10,64,7,116,0,98,128,131,0,144,80,18,140,72,44,40,152,69,14,160,174,0,0,100,128,82,0
1347.0,494.0,31.0,346.0460205078125,0.00888275820761919,0,-1,64,48,145,68,0,72,1,32,96,192,34,8,82,55,64,50,0,84,96,0,1,96,176,0,9,160,68,0,64,96,6,48
1551.0,547.0,31.0,16.528636932373047,0.01496121659874916,0,-1,166,175,87,81,153,135,169,247,165,149,160,212,136,6,4,183,12,58,194,216,114,203,112,108,43,208,71,66,195,129,167,180
1374.0,525.0,31.0,164.5431671142578,0.007329239044338465,0,-1,65,48,184,68,0,12,85,48,96,130,36,12,18,51,67,58,4,84,112,8,132,64,176,0,66,169,68,0,200,112,2,2
603.0,346.0,31.0,278.392333984375,0.016841946169734,0,-1,34,97,16,26,73,137,0,8,139,16,160,9,166,192,76,20,128,35,74,64,6,99,202,113,136,16,1,58,80,10,3,6
1134.0,345.0,31.0,286.2117004394531,0.013209602795541286,0,-1,112,48,9,160,10,73,81,64,36,100,130,141,87,7,2,80,96,149,105,129,8,2,209,0,209,161,0,19,32,0,6,82
1135.0,342.0,31.0,287.4644775390625,0.017727253958582878,0,-1,88,48,173,164,11,68,17,40,34,240,134,9,94,183,64,210,161,213,249,129,9,67,219,0,217,227,77,61,40,36,37,114
1132.0,340.0,31.0,311.5390625,0.013417327776551247,0,-1,118,48,201,192,139,81,17,8,35,244,132,136,70,23,64,22,3,212,249,144,9,67,249,16,155,208,13,63,162,36,14,118
1131.0,338.0,31.0,310.2883605957031,0.014944557100534439,0,-1,103,176,185,64,202,85,16,200,171,240,32,8,20,214,70,50,129,213,112,16,15,67,250,81,27,152,5,127,169,0,6,22
966.0,338.0,31.0,295.11810302734375,0.009590797126293182,0,-1,65,21,20,68,16,14,68,55,96,72,42,76,18,48,0,115,4,4,108,44,193,168,145,12,32,168,96,0,72,2,66,9
1132.0,336.0,31.0,308.47735595703125,0.012978709302842617,0,-1,101,176,179,82,200,196,176,200,250,241,32,25,84,254,76,58,177,95,112,16,19,67,154,113,29,24,5,110,192,33,195,162
460.0,336.0,31.0,206.76583862304688,0.008397283032536507,0,-1,96,160,24,122,8,137,17,136,34,53,36,8,38,67,72,16,1,19,201,0,2,32,202,49,203,129,1,125,80,0,6,34
1089.0,328.0,31.0,240.1096954345703,0.007679094094783068,0,-1,98,50,0,0,40,9,128,16,110,104,130,236,134,0,132,84,132,4,108,1,137,64,197,16,128,48,10,178,72,12,18,21
1543.0,329.0,31.0,107.46723175048828,0.00895434245467186,0,-1,80,0,0,33,2,8,32,0,36,0,130,136,199,2,0,80,96,132,104,0,8,0,197,0,148,160,10,16,32,0,3,0
1547.0,334.0,31.0,218.65748596191406,0.01785089820623398,0,-1,100,32,184,64,136,9,17,8,98,180,36,8,6,17,64,50,1,84,64,16,8,96,232,16,73,128,5,117,192,0,70,34
1141.0,330.0,31.0,148.8089141845703,0.013145566917955875,0,-1,100,96,201,64,104,89,73,128,107,254,52,168,3,4,215,190,1,212,204,24,13,100,236,64,15,217,5,181,226,185,78,116
1568.0,425.0,31.0,22.837968826293945,0.007609070278704166,0,-1,4,32,184,64,128,41,81,0,98,181,37,24,2,5,65,26,1,20,64,16,16,96,168,0,73,128,5,101,192,65,70,34
1456.0,461.0,31.0,269.0908203125,0.0087570296600461,0,-1,8,160,124,99,48,11,120,9,118,49,7,153,219,73,90,0,23,29,121,24,18,208,201,21,206,139,21,117,52,128,139,2
1406.0,427.0,31.0,224.0162811279297,0.007574970368295908,0,-1,162,255,17,122,57,205,18,144,187,72,56,237,42,199,196,148,150,43,196,70,99,46,26,63,34,212,33,186,90,2,2,31
1246.0,428.0,31.0,224.99044799804688,0.011621200479567051,0,-1,72,160,24,96,129,25,16,134,34,53,36,25,14,3,74,18,129,87,193,16,22,72,128,32,203,193,21,117,194,0,142,10
1292.0,594.0,31.0,104.09237670898438,0.01862349361181259,0,-1,105,3,180,101,40,30,80,48,96,168,46,104,223,49,130,118,134,84,236,72,136,224,225,12,195,235,96,17,66,166,0,33
1456.0,595.0,31.0,319.3944396972656,0.010721836239099503,0,-1,197,23,148,4,144,14,70,48,96,170,34,76,82,50,17,83,5,68,108,62,160,96,153,14,40,170,101,0,200,240,66,1
1338.0,609.0,31.0,340.1106262207031,0.007231102325022221,0,-1,65,56,186,118,1,156,84,55,233,199,38,12,58,186,7,123,128,103,96,0,196,104,178,32,66,251,84,3,72,112,74,78
1215.0,302.0,31.0,39.206573486328125,0.007186069153249264,0,-1,40,168,24,48,9,153,16,142,34,53,32,25,14,3,74,144,129,3,192,0,6,72,202,49,202,193,21,127,82,4,138,74
1038.0,571.0,31.0,136.32577514648438,0.006953094154596329,0,-1,200,15,4,5,33,26,68,55,101,10,34,200,203,32,144,215,0,68,236,108,233,232,133,12,160,251,96,0,66,164,74,13
626.0,355.0,31.0,87.45569610595703,0.007044982630759478,0,-1,34,58,26,24,41,217,145,88,138,76,148,44,134,198,162,148,132,33,206,0,5,67,250,80,128,17,43,187,24,4,15,213
1520.0,505.0,31.0,18.56141471862793,0.007177999708801508,0,-1,96,32,185,68,12,89,81,8,99,164,36,8,22,17,64,50,0,84,64,8,0,96,232,16,75,153,5,49,64,10,86,96
1531.0,490.0,31.0,67.53240203857422,0.007216786500066519,0,-1,72,251,56,2,41,217,17,148,34,125,36,173,14,7,194,178,3,64,204,80,7,72,168,49,202,193,53,245,130,134,142,91
1036.0,536.0,31.0,270.0,0.007076219189912081,0,-1,72,50,15,12,8,67,1,24,134,236,70,76,200,196,66,130,0,76,236,0,129,209,187,16,0,33,33,168,8,0,10,81
1040.0,571.0,31.0,160.16366577148438,0.0069395569153130054,0,-1,73,88,148,68,1,14,68,18,225,130,34,76,26,50,1,254,0,100,104,10,193,100,145,64,0,250,68,2,74,116,66,4
1454.0,593.0,31.0,41.886016845703125,0.006934871897101402,0,-1,40,160,24,34,9,9,80,136,34,49,160,25,6,1,74,144,137,130,192,0,14,96,200,49,202,193,21,117,82,12,202,10
719.0,462.0,31.0,64.96099090576172,0.006869274657219648,0,-1,34,50,18,168,41,153,16,64,137,136,176,237,142,194,96,144,204,37,204,1,13,67,194,0,144,208,11,187,88,12,43,23
774.0,465.0,31.0,149.7993621826172,0.006841941736638546,0,-1,225,67,232,36,36,12,77,48,96,142,54,137,67,41,146,19,0,68,100,110,204,100,228,0,66,168,96,145,64,176,86,97
1041.0,555.0,31.0,270.0,0.006810704246163368,0,-1,80,32,0,1,74,9,32,65,36,0,194,8,128,0,0,80,104,4,74,0,8,19,193,0,20,32,0,16,96,8,34,128
244.8000030517578,315.6000061035156,37.20000076293945,20.471590042114258,0.006264053750783205,1,-1,96,32,49,64,8,73,1,8,98,32,32,8,18,21,64,48,0,20,64,0,1,96,168,16,1,136,1,48,64,0,6,96
652.800048828125,372.0,37.20000076293945,306.4339904785156,0.004522427450865507,1,-1,32,180,17,40,120,141,178,200,58,168,56,104,52,219,72,16,183,25,83,17,131,99,138,83,124,4,47,252,88,2,3,161
1129.2000732421875,343.20001220703125,37.20000076293945,302.955078125,0.00489860400557518,1,-1,112,48,73,64,11,89,64,0,33,36,164,168,3,23,4,148,10,148,192,0,9,98,240,0,147,208,1,51,99,136,78,118
1054.800048828125,318.0,37.20000076293945,261.5480041503906,0.003930334467440844,1,-1,107,58,166,108,41,87,16,26,135,108,246,45,74,220,166,118,132,85,253,4,132,235,227,16,67,123,32,147,82,36,6,87
1366.800048828125,397.20001220703125,37.20000076293945,124.45157623291016,0.0031482400372624397,1,-1,80,32,4,5,0,8,96,0,100,0,130,0,195,0,16,82,0,68,104,12,8,224,197,0,128,32,0,0,96,0,82,0
1502.4000244140625,601.2000122070312,37.20000076293945,78.27517700195312,0.011619715951383114,1,-1,103,158,129,86,181,95,71,182,121,47,190,92,66,32,132,189,137,198,68,26,189,248,105,162,42,254,84,242,202,120,218,45
1555.2000732421875,544.800048828125,37.20000076293945,90.87264251708984,0.003145224880427122,1,-1,61,140,160,18,242,28,182,230,48,243,164,185,246,52,195,63,109,210,202,30,124,106,109,46,254,71,84,85,195,124,194,250
1063.2000732421875,583.2000122070312,37.20000076293945,103.98225402832031,0.0034321295097470284,1,-1,97,40,113,114,104,137,176,0,232,32,32,201,146,24,20,48,142,49,83,5,0,104,196,32,68,8,0,48,68,136,67,160
592.800048828125,475.20001220703125,37.20000076293945,47.006324768066406,0.003748962190002203,1,-1,25,52,94,37,66,15,56,112,36,224,102,133,93,39,2,147,46,197,227,38,37,240,17,12,70,203,65,0,107,160,42,144
466.8000183105469,541.2000122070312,37.20000076293945,152.17181396484375,0.008455855771899223,1,-1,13,34,145,37,181,15,99,16,118,232,18,72,223,33,208,132,17,76,76,28,169,240,201,10,205,220,37,116,202,174,83,33
265.20001220703125,379.20001220703125,37.20000076293945,32.288230895996094,0.00359160709194839,1,-1,108,160,184,160,141,9,80,143,98,181,164,25,134,25,74,26,129,22,233,17,30,104,193,16,203,193,85,125,192,8,222,2
1497.60009765625,608.4000244140625,37.20000076293945,310.8836669921875,0.005425623618066311,1,-1,244,98,154,88,234,233,81,200,171,29,176,56,6,211,205,26,161,208,76,82,6,71,170,81,26,160,33,255,192,17,118,3
478.8000183105469,290.4000244140625,37.20000076293945,309.6385192871094,0.0028963389340788126,1,-1,104,32,65,101,72,73,160,0,34,160,128,168,145,21,80,16,8,148,91,1,1,98,192,0,5,0,9,48,69,8,23,176
448.8000183105469,372.0,37.20000076293945,283.9394836425781,0.0030202751513570547,1,-1,33,51,49,96,33,29,82,16,107,172,60,104,10,25,196,54,132,80,68,72,132,32,160,0,99,217,33,50,66,130,70,103
634.800048828125,368.4000244140625,37.20000076293945,262.91497802734375,0.004799270071089268,1,-1,72,40,106,85,3,216,105,2,228,32,70,0,153,145,18,114,32,108,121,136,0,248,133,64,71,41,1,1,102,128,79,162
1497.60009765625,538.800048828125,37.20000076293945,54.206539154052734,0.005465460941195488,1,-1,68,48,252,69,130,12,177,16,106,228,38,140,211,37,197,10,39,84,104,24,129,224,149,64,78,43,69,0,237,240,11,48
76.80000305175781,242.40000915527344,37.20000076293945,163.56947326660156,0.0046658748760819435,1,-1,96,50,17,64,0,73,0,16,34,40,32,72,18,23,0,48,0,16,68,0,1,0,160,16,1,128,33,176,64,0,6,49
57.60000228881836,243.60000610351562,37.20000076293945,336.54974365234375,0.003093053586781025,1,-1,65,48,16,1,4,12,32,16,108,192,2,68,150,16,16,18,0,68,72,13,129,96,145,0,132,40,3,0,72,0,83,144
75.60000610351562,244.8000030517578,37.20000076293945,182.91351318359375,0.003938791807740927,1,-1,32,48,49,64,8,73,1,16,34,36,32,8,2,23,0,48,0,20,64,0,8,96,240,16,1,128,1,48,64,0,6,48
1461.60009765625,466.8000183105469,37.20000076293945,210.34576416015625,0.005803143139928579,1,-1,65,24,119,85,3,142,165,38,236,6,102,4,72,36,180,119,38,116,106,40,161,249,53,108,69,42,82,0,99,160,101,60
741.6000366210938,558.0,37.20000076293945,163.2904052734375,0.005281319376081228,1,-1,1,20,53,33,28,15,71,48,100,110,162,77,215,17,18,65,12,128,108,47,232,160,81,12,225,138,97,16,104,128,0,98
1504.800048828125,608.4000244140625,37.20000076293945,311.396484375,0.005354613531380892,1,-1,87,66,140,140,42,38,24,136,174,31,146,245,196,98,139,75,167,69,108,246,164,69,143,81,154,34,107,220,136,177,41,85
1518.0,608.4000244140625,37.20000076293945,313.7818603515625,0.004956852179020643,1,-1,53,103,88,72,112,63,66,216,97,8,188,76,66,64,159,180,58,136,70,126,134,35,44,93,58,28,33,124,251,147,106,133
616.800048828125,550.800048828125,37.20000076293945,351.2864074707031,0.0046450356021523476,1,-1,64,49,49,64,0,72,1,0,96,32,32,8,18,23,0,48,0,20,64,64,1,0,176,0,65,168,0,32,64,0,70,50
1359.60009765625,433.20001220703125,37.20000076293945,160.68099975585938,0.0028932366985827684,1,-1,97,48,56,64,0,77,17,16,98,224,36,8,18,25,66,48,128,16,80,8,0,96,184,16,67,137,1,48,72,0,70,98
1089.60009765625,438.0000305175781,37.20000076293945,22.568912506103516,0.004125538747757673,1,-1,64,32,16,64,0,8,0,0,96,128,32,8,2,19,64,50,0,84,64,0,0,96,128,0,1,128,1,0,64,0,66,32
1449.60009765625,452.4000244140625,37.20000076293945,49.940887451171875,0.004814954474568367,1,-1,125,32,193,36,129,72,72,0,33,200,162,9,91,62,81,186,169,196,244,144,13,66,200,0,139,233,197,17,227,116,70,66
990.0000610351562,349.20001220703125,37.20000076293945,160.59007263183594,0.0030430136248469353,1,-1,64,32,17,64,0,72,0,0,96,128,32,8,18,23,64,50,0,84,64,0,1,96,160,0,1,128,5,0,64,0,6,48
879.6000366210938,415.20001220703125,37.20000076293945,11.666142463684082,0.0036074533127248287,1,-1,64,32,49,68,0,72,1,0,96,0,32,8,18,20,0,50,0,84,64,0,1,96,160,0,1,160,0,16,64,0,6,32
38.400001525878906,216.00001525878906,37.20000076293945,271.88629150390625,0.0029972565826028585,1,-1,73,58,174,13,41,87,17,26,54,236,86,101,24,148,194,246,4,76,244,4,133,217,179,48,67,105,37,169,90,164,14,115
194.40000915527344,493.20001220703125,37.20000076293945,308.3465270996094,0.003888849401846528,1,-1,0,34,37,37,32,74,225,0,108,68,50,165,215,12,144,0,128,4,109,5,9,224,197,0,196,34,34,0,68,128,87,112
1444.800048828125,463.20001220703125,37.20000076293945,21.92142105102539,0.00319480337202549,1,-1,26,58,99,19,50,139,187,80,60,4,98,165,45,199,166,20,54,43,131,132,160,216,164,110,128,196,26,130,103,132,39,248
481.20001220703125,292.8000183105469,37.20000076293945,297.1753234863281,0.0032281172461807728,1,-1,114,48,97,64,0,73,64,0,33,96,162,137,146,28,20,48,136,148,121,1,9,66,213,64,133,48,128,51,65,0,86,50
924.0000610351562,529.2000122070312,37.20000076293945,305.6421203613281,0.007721159607172012,1,-1,98,40,104,4,32,88,64,7,97,68,164,169,3,8,150,20,2,132,204,12,12,104,228,0,130,48,16,17,69,132,94,76
282.0,228.00001525878906,37.20000076293945,242.9058074951172,0.004539244808256626,1,-1,83,32,42,64,0,68,169,64,236,132,134,0,16,146,54,116,32,132,121,137,8,67,164,64,209,40,139,1,0,0,55,100
1345.2000732421875,601.2000122070312,37.20000076293945,47.12291717529297,0.00508582778275013,1,-1,115,40,139,180,8,192,65,64,162,204,128,8,214,246,67,122,192,229,124,145,12,67,226,0,153,176,143,58,128,96,54,102
1425.60009765625,489.6000061035156,37.20000076293945,144.6394500732422,0.00359801365993917,1,-1,68,34,161,160,162,104,9,19,32,239,3,185,151,39,193,90,7,85,109,28,1,64,161,0,137,160,61,128,160,224,7,113
1287.60009765625,596.4000244140625,37.20000076293945,44.2099609375,0.010093949735164642,1,-1,64,32,145,188,8,72,17,8,170,192,128,8,182,211,0,50,192,84,104,1,11,67,202,17,193,160,10,56,0,32,3,34
1248.0,307.20001220703125,37.20000076293945,223.76882934570312,0.005403397139161825,1,-1,96,48,58,122,9,217,17,0,233,4,160,8,166,212,64,180,128,49,200,1,8,99,242,32,145,241,1,59,64,0,6,54
1239.60009765625,294.0,37.20000076293945,87.35892486572266,0.002973025431856513,1,-1,22,34,248,96,6,76,217,16,107,181,49,13,7,9,86,26,162,133,69,17,148,96,148,64,203,152,5,101,237,160,71,2
1238.4000244140625,300.0,37.20000076293945,73.20594024658203,0.00405604625120759,1,-1,114,96,139,44,8,45,77,72,170,130,160,9,150,243,113,26,136,245,121,199,72,71,194,64,209,48,77,56,80,113,3,2
1533.60009765625,490.8000183105469,37.20000076293945,28.49576759338379,0.004385669715702534,1,-1,221,37,235,64,211,124,75,81,114,228,109,136,27,132,211,48,58,236,80,252,189,112,188,10,127,77,5,96,231,227,74,96
1022.4000244140625,583.2000122070312,37.20000076293945,221.94064331054688,0.0039204806089401245,1,-1,84,0,190,69,131,110,189,65,172,167,167,145,222,167,7,14,39,53,233,136,16,225,145,64,83,170,67,16,201,96,135,50
652.800048828125,376.8000183105469,37.20000076293945,309.1461181640625,0.004193226806819439,1,-1,50,50,73,64,10,73,80,64,51,100,160,141,2,23,6,16,28,153,193,0,12,82,248,80,19,128,1,59,97,0,6,86
451.20001220703125,361.20001220703125,37.20000076293945,85.87462615966797,0.004427391104400158,1,-1,1,48,17,95,72,201,32,8,170,176,32,8,180,211,72,50,1,115,122,8,3,65,186,113,13,136,13,56,0,0,3,160
76.80000305175781,313.20001220703125,37.20000076293945,245.0496826171875,0.003067451063543558,1,-1,32,50,27,24,40,201,1,72,238,140,160,108,134,192,224,20,128,48,76,0,2,99,234,17,144,144,33,58,88,8,15,53
542.4000244140625,367.20001220703125,37.20000076293945,353.0135803222656,0.0034490851685404778,1,-1,144,104,255,54,2,72,180,68,224,194,230,33,181,220,35,43,34,121,104,195,68,229,166,32,81,35,94,9,101,49,47,202
262.8000183105469,385.20001220703125,37.20000076293945,288.0704345703125,0.002791270148009062,1,-1,97,32,1,33,96,9,160,16,40,0,96,232,151,2,128,48,14,28,66,12,1,48,192,0,4,160,34,0,72,136,3,160
1250.4000244140625,306.0,37.20000076293945,215.68466186523438,0.002754056826233864,1,-1,104,56,49,122,9,217,17,2,138,20,32,8,174,214,0,240,192,51,200,0,2,75,250,49,129,241,0,59,80,0,7,118
1278.0,601.2000122070312,37.20000076293945,348.16778564453125,0.002534272847697139,1,-1,0,56,57,96,0,205,17,18,224,12,36,8,18,29,0,48,128,48,69,8,128,104,176,0,65,136,32,0,64,0,70,99
112.80000305175781,346.8000183105469,37.20000076293945,110.97589111328125,0.0025523914955556393,1,-1,56,50,110,1,3,95,81,80,117,236,230,15,67,12,2,4,56,204,228,0,140,240,117,0,211,67,33,3,107,12,86,215
1389.60009765625,438.0000305175781,37.20000076293945,338.3556823730469,0.0026357213500887156,1,-1,105,34,8,32,1,29,80,16,97,36,6,13,142,1,18,80,128,4,72,13,140,64,209,0,192,113,0,48,10,4,26,64
993.6000366210938,322.8000183105469,37.20000076293945,358.0013122558594,0.00272296741604805,1,-1,68,160,56,96,128,41,17,1,34,181,37,25,2,7,74,26,1,22,65,16,18,64,136,0,73,129,21,117,192,0,134,34
1341.60009765625,596.4000244140625,37.20000076293945,60.59185791015625,0.0025377727579325438,1,-1,19,32,81,160,131,76,72,71,41,65,33,157,143,7,0,144,166,129,73,132,25,64,16,64,145,208,10,66,40,0,131,16
292.8000183105469,379.20001220703125,37.20000076293945,176.6176300048828,0.0024879358243197203,1,-1,164,112,145,64,128,73,69,0,98,242,32,8,22,21,65,58,1,84,64,90,65,100,184,0,9,136,69,52,192,49,70,32
1142.4000244140625,577.2000122070312,37.20000076293945,233.53875732421875,0.002623768988996744,1,-1,74,168,16,178,1,137,16,142,35,49,32,9,46,3,66,146,129,67,233,0,6,72,138,49,202,209,29,51,2,4,10,10
192.0,492.0000305175781,37.20000076293945,323.0394592285156,0.0025811579544097185,1,-1,64,2,37,37,36,12,227,16,100,76,18,69,199,45,16,66,128,68,109,13,136,160,33,2,193,166,32,128,64,170,85,97
45.60000228881836,361.20001220703125,37.20000076293945,245.16522216796875,0.00269561936147511,1,-1,121,32,0,160,1,12,64,0,97,128,160,9,11,2,16,144,136,132,64,140,12,66,192,0,146,208,128,1,98,4,74,0
274.8000183105469,499.20001220703125,37.20000076293945,164.3370819091797,0.002661861479282379,1,-1,64,32,17,64,0,72,0,0,32,0,32,8,18,23,64,48,0,20,64,0,1,64,160,0,1,128,0,0,64,0,6,32
993.6000366210938,577.2000122070312,37.20000076293945,41.21027755737305,0.002647555898874998,1,-1,40,40,8,58,73,197,216,72,163,80,228,13,168,199,42,16,200,171,195,132,14,75,218,113,67,153,16,41,90,4,106,154
1561.2000732421875,344.4000244140625,37.20000076293945,220.75209045410156,0.0025786999613046646,1,-1,68,56,161,64,128,72,1,2,34,244,32,8,18,22,64,50,1,84,64,16,1,72,184,0,9,128,5,116,192,0,6,112
130.8000030517578,306.0,37.20000076293945,123.60527801513672,0.0026787917595356703,1,-1,65,34,68,1,32,9,96,0,116,0,98,136,195,0,144,80,18,12,42,12,0,240,133,0,132,170,32,0,100,128,82,0
1244.4000244140625,457.20001220703125,37.20000076293945,14.0079984664917,0.0025084293447434902,1,-1,64,32,177,68,0,72,0,0,96,160,32,8,18,19,64,50,0,84,64,0,1,64,160,0,1,128,0,32,64,0,6,32
553.2000122070312,318.0,37.20000076293945,277.7960205078125,0.002526461146771908,1,-1,73,32,108,65,2,30,121,18,52,68,70,129,219,7,146,112,54,28,49,140,128,208,181,0,71,105,0,0,102,132,3,112
1093.2000732421875,324.0,37.20000076293945,228.55316162109375,0.0026895629707723856,1,-1,83,32,39,65,1,68,169,66,108,64,134,0,80,150,22,118,32,196,120,140,1,65,165,64,145,40,138,16,2,4,55,100
1239.60009765625,288.0,37.20000076293945,86.68277740478516,0.002715441631153226,1,-1,173,124,56,66,161,125,23,150,112,106,60,60,26,20,203,189,7,86,212,82,247,36,184,50,99,205,52,245,202,213,142,121
242.40000915527344,319.20001220703125,37.20000076293945,355.2043151855469,0.002454271772876382,1,-1,64,48,17,64,0,72,0,0,32,64,32,8,22,23,0,48,0,20,72,0,1,64,176,0,129,160,0,0,0,0,6,48
1122.0,421.20001220703125,37.20000076293945,345.46417236328125,0.00239997124299407,1,-1,65,0,181,68,0,76,0,32,96,64,34,8,82,48,0,114,0,68,104,8,1,96,161,0,1,170,64,0,64,96,66,32
678.0,493.20001220703125,37.20000076293945,278.64703369140625,0.0022689413744956255,1,-1,25,18,109,97,3,127,113,19,117,76,102,245,131,21,130,116,52,140,165,12,141,152,117,0,199,233,48,130,107,132,68,127
1378.800048828125,560.4000244140625,37.20000076293945,255.69253540039062,0.002263282658532262,1,-1,65,50,41,1,42,89,185,24,42,116,6,172,244,70,194,50,7,84,248,12,131,64,255,81,76,1,43,188,28,128,7,113
74.4000015258789,307.20001220703125,37.20000076293945,254.72740173339844,0.002121318131685257,1,-1,71,184,229,119,242,219,56,184,187,241,38,173,107,127,223,30,23,119,245,20,182,208,191,169,78,91,85,166,230,244,6,119
472.8000183105469,280.8000183105469,37.20000076293945,357.19647216796875,0.002170169958844781,1,-1,99,34,217,68,64,88,236,32,121,202,118,232,75,38,212,182,62,220,228,136,141,114,228,64,23,121,65,129,107,224,106,52
607.2000122070312,342.0,37.20000076293945,130.35467529296875,0.002356779994443059,1,-1,104,32,80,33,64,8,224,0,40,0,96,136,135,2,0,16,34,132,66,8,0,112,132,0,132,160,34,0,64,0,67,128
466.8000183105469,332.4000244140625,37.20000076293945,161.74327087402344,0.00238780677318573,1,-1,64,49,17,64,16,72,3,0,96,192,40,8,18,23,64,50,0,84,64,96,1,32,176,8,41,140,5,0,64,2,6,48
1214.4000244140625,421.20001220703125,37.20000076293945,99.33208465576172,0.0021732894238084555,1,-1,32,32,0,33,74,9,32,64,36,0,192,136,131,2,0,16,40,4,74,0,8,18,192,0,132,160,8,0,32,8,2,128
1359.60009765625,598.800048828125,37.20000076293945,136.705322265625,0.002398094395175576,1,-1,1,34,33,33,100,13,233,16,120,196,112,77,151,9,16,0,156,12,66,13,128,240,228,0,69,40,34,0,68,136,83,224
652.800048828125,469.20001220703125,37.20000076293945,93.23648071289062,0.0023076229263097048,1,-1,82,164,212,124,48,2,202,136,59,160,160,72,102,233,84,16,147,93,117,49,34,97,137,95,56,190,69,22,68,160,67,0
1527.60009765625,475.20001220703125,37.20000076293945,66.55523681640625,0.0024053091183304787,1,-1,67,32,1,1,2,76,41,19,44,192,10,134,148,6,16,96,38,5,122,141,145,72,181,64,21,40,154,0,8,0,131,80
499.20001220703125,553.2000122070312,37.20000076293945,8.51130199432373,0.0023578344844281673,1,-1,18,42,119,86,35,248,176,70,168,133,98,224,172,142,228,178,166,59,236,128,4,233,166,96,145,241,26,131,65,4,39,239
576.0,337.20001220703125,37.20000076293945,316.2836608886719,0.002250873716548085,1,-1,201,14,84,100,32,24,92,55,97,2,38,40,143,35,128,119,6,228,108,44,228,104,129,8,226,251,80,1,106,224,74,13
1212.0,421.20001220703125,37.20000076293945,91.3128890991211,0.0021195532754063606,1,-1,112,32,2,8,74,9,0,64,32,32,128,8,6,2,0,16,232,132,106,1,8,3,192,0,148,32,8,56,0,0,35,128
488.4000244140625,457.20001220703125,37.20000076293945,185.8313446044922,0.0021015508100390434,1,-1,64,48,17,68,0,72,65,0,96,128,32,8,18,23,64,50,0,84,64,8,1,96,176,0,1,168,0,0,64,0,70,32
166.8000030517578,219.60000610351562,37.20000076293945,275.9103698730469,0.0021001065615564585,1,-1,75,148,98,92,48,150,26,184,177,8,100,168,123,255,144,117,151,116,253,46,164,65,40,159,99,127,97,154,86,164,34,39
1542.0001220703125,421.20001220703125,37.20000076293945,208.18724060058594,0.0020927314180880785,1,-1,4,160,57,96,128,105,17,9,34,181,37,24,22,23,72,24,1,16,65,16,18,96,168,16,75,128,5,117,192,0,134,98
319.20001220703125,325.20001220703125,37.20000076293945,253.30770874023438,0.0020308620296418667,1,-1,98,40,16,26,9,137,0,64,171,0,32,9,166,194,4,20,128,33,72,0,6,11,202,49,128,144,1,58,80,0,3,132
505.20001220703125,276.0,37.20000076293945,154.634521484375,0.002000820357352495,1,-1,97,4,97,4,52,90,78,32,97,106,62,200,75,32,150,182,16,196,76,46,237,160,165,142,34,126,1,145,110,166,90,116
416.4000244140625,258.0,37.20000076293945,303.87335205078125,0.0019964552484452724,1,-1,114,22,109,13,20,90,74,48,113,100,230,205,67,44,150,84,88,196,236,44,172,242,117,30,35,126,192,17,111,172,86,84
1015.2000122070312,589.2000122070312,37.20000076293945,255.23692321777344,0.0019207955338060856,1,-1,72,160,40,90,13,221,232,152,226,56,132,8,184,219,80,178,1,114,251,136,2,65,250,113,79,89,171,185,18,4,94,34
958.800048828125,529.2000122070312,37.20000076293945,245.69204711914062,0.00191107124555856,1,-1,83,33,105,0,2,73,169,0,44,96,14,136,149,6,18,52,38,5,88,77,129,0,180,64,149,44,11,48,36,130,3,100
580.800048828125,541.2000122070312,37.20000076293945,47.07160186767578,0.0019017721060663462,1,-1,32,160,25,104,9,73,80,136,67,176,160,8,22,25,64,48,137,17,192,0,14,98,74,17,203,209,1,63,80,8,70,2
151.20001220703125,505.4400329589844,44.6400032043457,40.60061264038086,0.0024724802933633327,2,-1,112,40,26,58,9,201,80,66,160,128,160,9,54,211,64,16,200,179,65,0,12,75,194,32,211,193,4,57,64,0,110,2
267.8399963378906,316.8000183105469,44.6400032043457,133.8614044189453,0.0016802450409159064,2,-1,65,6,84,69,52,14,74,48,116,8,58,100,211,0,144,112,22,68,76,44,160,160,5,14,160,174,32,0,72,162,66,1
1359.360107421875,599.0400390625,44.6400032043457,133.81353759765625,0.0012343914713710546,2,-1,0,32,1,33,36,79,235,16,124,192,98,68,151,1,16,0,24,12,66,13,1,240,209,2,197,172,2,0,72,136,83,160
1497.60009765625,601.9200439453125,44.6400032043457,55.015377044677734,0.0031584680546075106,2,-1,77,0,213,69,195,126,100,23,101,147,102,16,95,33,72,222,35,68,234,24,21,240,177,0,15,235,84,69,234,228,203,176
112.32000732421875,347.0400085449219,44.6400032043457,114.73561096191406,0.0014773752773180604,2,-1,50,48,101,1,17,79,83,80,53,232,226,205,82,29,6,52,60,220,213,133,137,240,113,14,211,14,1,18,107,12,118,118
280.8000183105469,228.9600067138672,44.6400032043457,240.81163024902344,0.0017027553403750062,2,-1,82,40,42,0,9,81,73,66,236,36,132,8,146,146,118,48,168,133,89,137,8,67,32,64,209,16,138,59,0,0,55,38
1503.360107421875,601.9200439453125,44.6400032043457,54.08684539794922,0.0031824889592826366,2,-1,45,32,252,37,207,63,84,31,83,243,39,157,83,44,90,58,25,196,224,21,156,240,245,0,79,203,85,117,235,252,218,210
1239.840087890625,288.0,44.6400032043457,87.25920104980469,0.0012444336898624897,2,-1,141,190,112,114,176,61,23,180,113,6,52,184,123,125,203,61,151,91,84,58,244,120,60,42,107,223,69,50,194,241,134,103
1065.60009765625,537.1199951171875,44.6400032043457,104.79857635498047,0.0024191171396523714,2,-1,246,125,108,35,131,252,86,148,225,125,175,157,67,28,79,31,36,230,237,82,158,164,253,32,243,113,0,83,107,87,222,86
190.0800018310547,482.4000244140625,44.6400032043457,43.0383415222168,0.001390918972902,2,-1,41,160,17,34,9,89,80,5,35,97,169,24,190,22,72,176,128,3,216,0,31,10,98,17,195,213,24,51,66,6,142,74
1389.60009765625,437.760009765625,44.6400032043457,323.9938659667969,0.0013497959589585662,2,-1,106,34,9,32,32,93,73,16,35,108,36,137,135,7,18,148,0,132,205,12,8,64,224,16,195,209,1,49,2,134,94,112
313.9200134277344,499.6800231933594,44.6400032043457,338.2528991699219,0.0018383803544566035,2,-1,105,48,57,96,1,73,17,16,96,228,32,8,26,29,0,48,128,21,64,0,1,96,176,0,67,136,1,48,72,0,6,114
109.44000244140625,347.0400085449219,44.6400032043457,117.95947265625,0.0015187656972557306,2,-1,51,48,235,101,17,78,147,64,49,224,226,13,82,60,20,48,216,220,81,161,173,242,209,14,115,46,129,18,105,32,86,114
1062.7200927734375,583.2000122070312,44.6400032043457,125.98040008544922,0.0014748593093827367,2,-1,25,34,19,97,34,15,162,82,60,8,114,64,150,145,32,32,180,28,68,12,129,240,128,2,133,172,34,0,104,0,3,161
1022.4000244140625,583.2000122070312,44.6400032043457,228.22463989257812,0.0013198998058214784,2,-1,86,128,158,84,129,102,180,199,172,191,166,17,90,191,108,218,161,247,233,152,24,201,130,64,219,187,86,85,193,112,175,2
185.760009765625,486.72003173828125,44.6400032043457,343.6833190917969,0.0015366957522928715,2,-1,96,103,5,68,32,15,79,54,32,42,168,72,83,39,128,49,28,0,68,108,201,8,224,12,33,136,33,48,64,242,70,56
921.6000366210938,527.0400390625,44.6400032043457,335.9949645996094,0.0014688301598653197,2,-1,1,56,58,49,68,141,177,23,124,44,96,5,182,136,18,0,128,42,0,5,132,184,48,2,197,13,50,32,72,8,83,202
1457.280029296875,462.2400207519531,44.6400032043457,127.53134155273438,0.0012506163911893964,2,-1,228,97,169,58,136,205,71,136,234,214,128,9,199,204,115,90,145,97,105,87,78,7,186,50,249,0,13,60,144,115,23,66
501.1200256347656,541.4400024414062,44.6400032043457,30.541841506958008,0.0019294732483103871,2,-1,48,40,8,112,8,205,89,66,160,76,172,9,51,19,2,16,200,162,69,140,8,42,208,32,211,141,161,17,72,2,66,66
573.1199951171875,509.760009765625,44.6400032043457,353.00958251953125,0.0013600342208519578,2,-1,72,48,17,68,65,76,1,16,33,128,98,8,94,23,0,246,0,84,248,8,1,80,176,64,133,248,1,2,2,0,6,48
993.6000366210938,577.4400024414062,44.6400032043457,29.261695861816406,0.001252189977094531,2,-1,40,169,56,122,9,205,211,142,10,21,172,9,186,87,74,16,201,2,65,12,10,42,218,49,203,221,16,121,88,2,66,58
1533.60009765625,491.0400085449219,44.6400032043457,25.830842971801758,0.002013931982219219,2,-1,188,45,234,82,209,250,107,64,112,164,101,26,24,249,83,57,56,236,82,250,56,242,164,110,127,9,133,33,227,225,126,226
244.8000030517578,315.3600158691406,44.6400032043457,18.39052963256836,0.002458755625411868,2,-1,96,32,49,64,8,73,1,0,98,32,32,8,18,20,64,48,0,16,64,0,1,96,160,16,1,136,1,48,64,0,6,96
1447.2000732421875,447.84002685546875,44.6400032043457,54.193077087402344,0.0014725965447723866,2,-1,73,32,121,96,33,93,88,16,96,232,36,9,31,31,64,16,132,20,68,12,1,96,144,0,67,201,37,49,66,128,74,2
1342.080078125,597.6000366210938,44.6400032043457,50.84492111206055,0.0014159104321151972,2,-1,116,32,11,32,128,100,72,65,161,8,161,25,19,151,0,88,232,133,92,144,29,67,128,0,145,225,168,73,160,0,166,66
1392.4801025390625,489.6000061035156,44.6400032043457,354.8048400878906,0.001523661194369197,2,-1,0,50,17,97,8,45,97,16,40,44,98,76,151,5,1,24,0,12,104,12,0,240,241,0,197,168,33,32,64,129,71,176
50.400001525878906,349.9200134277344,44.6400032043457,229.65093994140625,0.0015334669733420014,2,-1,83,36,134,5,17,6,232,33,164,160,131,132,64,2,20,119,32,68,120,188,161,209,21,76,8,42,207,0,11,4,51,4
1461.60009765625,476.6400146484375,44.6400032043457,217.42068481445312,0.001650596153922379,2,-1,105,40,11,32,32,141,64,22,168,104,48,77,151,153,82,144,128,165,92,13,13,104,192,0,192,217,33,48,72,4,75,83
576.0,541.4400024414062,44.6400032043457,37.936073303222656,0.0017812451114878058,2,-1,32,40,26,112,0,201,16,66,160,132,36,8,54,215,64,48,128,48,192,0,0,97,130,32,211,193,1,57,64,0,78,34
1238.4000244140625,299.52001953125,44.6400032043457,56.33150100708008,0.001647399039939046,2,-1,240,73,129,126,9,137,70,32,129,0,160,9,98,243,0,146,136,241,97,194,72,2,202,43,177,244,193,58,112,50,66,34
1297.4400634765625,596.1600341796875,44.6400032043457,98.42617797851562,0.0016566570848226547,2,-1,240,101,104,68,28,11,70,40,65,164,168,8,67,9,84,19,24,212,64,99,104,38,204,30,35,152,133,57,101,250,86,2
1238.4000244140625,292.32000732421875,44.6400032043457,84.59790802001953,0.001873281318694353,2,-1,210,100,120,98,144,108,95,7,105,166,41,29,19,11,87,18,162,229,65,146,104,100,148,66,99,156,144,96,109,211,198,18
617.760009765625,548.6400146484375,44.6400032043457,5.933859348297119,0.0012157836463302374,2,-1,32,96,17,64,0,73,65,0,34,32,32,8,18,21,0,48,0,20,64,0,1,100,160,16,65,136,1,48,64,0,70,34
1448.6400146484375,452.1600036621094,44.6400032043457,41.482425689697266,0.0016792790265753865,2,-1,120,32,136,100,32,72,80,16,32,200,178,105,83,51,64,178,232,196,125,144,13,66,192,0,219,233,165,129,99,112,90,2
704.1600341796875,552.9600219726562,44.6400032043457,43.83428192138672,0.002365894615650177,2,-1,104,168,153,62,9,205,80,136,171,208,164,9,190,215,66,18,129,96,249,0,14,67,202,49,211,241,5,59,80,36,14,66
169.92001342773438,505.4400329589844,44.6400032043457,166.4248046875,0.0020608140621334314,2,-1,64,48,19,112,0,204,17,7,224,64,34,8,150,151,64,48,128,53,72,0,1,96,176,0,193,136,16,0,72,0,7,42
1425.60009765625,489.6000061035156,44.6400032043457,176.77394104003906,0.0012214351445436478,2,-1,64,176,172,50,128,204,17,5,162,245,3,29,246,255,74,90,133,23,121,17,22,72,155,17,201,3,93,120,136,0,135,90
74.8800048828125,244.8000030517578,44.6400032043457,190.75045776367188,0.0017256718128919601,2,-1,96,48,49,64,8,77,1,16,32,36,32,12,18,7,64,16,0,16,65,0,1,64,240,0,65,128,1,48,64,0,70,114
1287.360107421875,596.1600341796875,44.6400032043457,39.991310119628906,0.0024826021399348974,2,-1,96,48,145,168,9,73,65,8,35,240,160,8,150,83,0,54,128,84,72,8,11,66,218,17,129,176,1,62,16,0,6,34
504.0000305175781,367.20001220703125,44.6400032043457,339.4736328125,0.0015530891250818968,2,-1,76,112,145,68,129,104,4,0,97,194,32,8,90,55,65,254,0,84,224,2,65,100,176,64,1,248,69,2,202,113,6,52
1067.0400390625,534.2400512695312,44.6400032043457,125.28988647460938,0.001681074034422636,2,-1,87,195,158,90,169,28,84,200,239,28,38,4,78,194,239,223,167,64,236,94,198,69,174,113,146,217,69,95,210,183,234,69
1461.60009765625,466.5600280761719,44.6400032043457,208.93344116210938,0.002997088013216853,2,-1,65,144,182,92,9,134,173,39,236,7,230,20,248,226,52,118,96,118,106,136,129,233,179,101,1,58,82,2,67,0,225,62
741.6000366210938,557.280029296875,44.6400032043457,163.54652404785156,0.0020714919082820415,2,-1,65,20,53,33,8,15,69,48,100,70,162,76,214,49,0,81,0,4,104,46,41,160,113,12,225,170,65,16,72,128,64,98
1545.1201171875,329.760009765625,44.6400032043457,155.57803344726562,0.0020355922169983387,2,-1,65,48,144,4,0,14,66,18,112,200,98,76,214,50,0,112,16,76,108,12,129,176,145,2,128,174,36,0,72,32,66,1
1519.2000732421875,609.1199951171875,44.6400032043457,243.16168212890625,0.001321499701589346,2,-1,35,153,188,28,201,221,148,143,203,85,40,13,166,236,70,158,141,99,224,85,151,104,114,48,15,82,92,123,216,116,143,222
1504.800048828125,607.6800537109375,44.6400032043457,330.45611572265625,0.002728155581280589,2,-1,85,152,232,45,170,38,27,154,50,243,198,245,209,58,210,122,23,205,125,141,157,88,221,3,204,47,235,204,172,97,11,83
1497.60009765625,609.1199951171875,44.6400032043457,315.7903137207031,0.0019846626091748476,2,-1,228,122,217,72,202,9,21,223,106,190,176,109,2,3,197,26,135,157,70,80,2,86,194,16,92,128,53,175,209,48,103,139
172.8000030517578,480.96002197265625,44.6400032043457,320.00689697265625,0.001222447957843542,2,-1,25,46,68,1,48,15,72,22,52,168,218,192,139,2,144,212,52,132,204,172,168,152,5,14,168,230,177,144,38,132,2,9
792.0000610351562,552.9600219726562,44.6400032043457,44.47569274902344,0.0013174229534342885,2,-1,40,50,120,96,40,13,81,16,98,164,36,44,23,1,66,16,7,16,196,0,128,96,120,16,75,129,37,49,64,128,78,35
879.8400268554688,414.72003173828125,44.6400032043457,15.380266189575195,0.0011889798333868384,2,-1,64,32,49,68,0,72,1,0,96,4,32,8,18,21,0,50,0,84,64,0,1,96,160,0,1,160,0,16,64,0,6,32
437.760009765625,537.1199951171875,44.6400032043457,40.94821548461914,0.0011176932603120804,2,-1,104,34,88,58,40,201,80,88,160,4,164,41,55,211,2,16,202,50,197,0,10,67,194,33,194,225,32,27,112,128,110,3
551.52001953125,318.2400207519531,44.6400032043457,272.5207824707031,0.0011058615054935217,2,-1,73,40,106,65,67,156,41,6,100,36,70,130,153,7,22,112,34,60,123,140,128,216,181,64,71,41,18,0,39,128,7,232
468.0000305175781,331.20001220703125,44.6400032043457,147.9849853515625,0.0010814383858814836,2,-1,1,52,17,65,16,78,66,16,112,192,104,72,18,19,0,48,20,28,80,40,1,176,48,14,33,172,0,0,72,2,66,48
498.2400207519531,273.6000061035156,44.6400032043457,127.50057983398438,0.001062485040165484,2,-1,123,16,124,69,19,31,82,16,119,104,246,46,82,57,134,181,28,220,244,40,173,242,117,142,115,239,1,147,107,44,90,23
993.6000366210938,322.55999755859375,44.6400032043457,122.92635345458984,0.0010327453492209315,2,-1,193,83,20,4,0,28,68,48,96,136,34,76,82,48,144,51,4,68,108,110,193,96,145,12,32,169,97,16,72,178,66,1
635.0400390625,368.6400146484375,44.6400032043457,296.7241516113281,0.00103006383869797,2,-1,80,4,210,68,114,10,170,32,56,32,106,106,84,34,132,80,54,213,125,169,32,177,1,78,52,46,42,128,101,32,35,1
596.1600341796875,374.4000244140625,44.6400032043457,234.97486877441406,0.0009784004651010036,2,-1,57,40,142,126,17,198,74,64,180,200,230,1,83,215,34,16,216,236,53,140,40,210,18,46,99,239,164,1,107,128,106,66
917.280029296875,547.2000122070312,44.6400032043457,173.3134307861328,0.000977213028818369,2,-1,64,120,154,246,0,232,21,6,160,134,36,9,182,183,65,26,128,117,105,0,0,77,146,32,193,161,80,9,192,113,7,106
973.4400634765625,331.20001220703125,44.6400032043457,68.36985778808594,0.000968162901699543,2,-1,112,50,2,1,72,14,1,16,116,108,86,100,67,128,130,80,88,140,108,0,137,210,225,0,20,32,160,128,104,0,82,81
1527.840087890625,475.20001220703125,44.6400032043457,87.10655975341797,0.0009624786325730383,2,-1,72,137,101,87,3,202,105,135,100,21,78,128,185,5,16,112,38,62,121,200,130,216,183,33,69,235,16,0,38,132,196,104
1366.56005859375,397.44000244140625,44.6400032043457,118.63233947753906,0.0009264563559554517,2,-1,96,32,0,1,8,9,64,0,100,0,130,8,130,0,0,82,64,68,104,0,8,0,193,0,128,32,0,16,64,0,82,0
44.6400032043457,361.44000244140625,44.6400032043457,228.44390869140625,0.0008997153490781784,2,-1,56,32,64,96,9,25,80,74,33,140,164,9,3,3,2,148,72,132,196,0,8,99,194,0,210,193,32,27,99,12,110,2
653.760009765625,469.4400329589844,44.6400032043457,90.74688720703125,0.0008612638921476901,2,-1,66,160,212,124,28,139,200,168,59,176,96,8,111,234,20,20,147,237,97,161,34,224,139,93,136,186,77,52,101,32,67,4
1448.6400146484375,480.96002197265625,44.6400032043457,276.6618347167969,0.0008297687163576484,2,-1,1,55,41,1,16,14,107,48,100,100,238,197,211,6,18,16,28,140,72,44,137,176,117,14,229,174,2,0,72,130,71,116
1359.360107421875,433.44000244140625,44.6400032043457,160.59902954101562,0.0008205408812500536,2,-1,96,48,49,96,0,77,17,0,98,160,32,8,22,25,64,48,128,17,80,8,0,96,184,16,65,136,1,48,64,0,70,98
551.52001953125,576.0,44.6400032043457,247.88143920898438,0.0008174277609214187,2,-1,112,50,18,24,41,153,0,72,239,8,128,108,134,194,32,212,192,36,76,0,13,67,194,16,144,176,3,58,8,4,34,21
1092.9600830078125,324.0,44.6400032043457,231.99752807617188,0.0008059535175561905,2,-1,82,40,42,64,5,80,161,66,228,12,134,0,16,146,150,100,160,20,252,137,136,75,161,64,81,41,170,129,0,0,125,38
499.6800231933594,552.9600219726562,44.6400032043457,3.6003050804138184,0.000796683831140399,2,-1,16,162,30,62,10,240,144,78,164,21,145,176,175,206,10,42,166,147,236,129,14,105,134,1,145,225,58,139,97,0,47,11
1425.60009765625,410.4000244140625,44.6400032043457,109.40434265136719,0.0007746447809040546,2,-1,48,48,1,33,2,75,128,80,54,32,194,226,151,21,0,32,124,28,81,129,9,240,81,16,197,130,41,160,109,8,19,179
1090.080078125,437.760009765625,44.6400032043457,30.77090835571289,0.0007731622317805886,2,-1,64,32,16,64,0,8,0,0,96,160,32,8,2,3,64,50,0,84,64,0,0,96,128,0,1,128,1,48,64,0,66,0
165.60000610351562,220.32000732421875,44.6400032043457,281.9670104980469,0.0007591847679577768,2,-1,115,20,50,76,56,6,94,56,185,10,250,232,90,125,164,112,182,117,93,36,168,163,9,95,51,62,32,158,64,226,34,7
583.2000122070312,388.8000183105469,44.6400032043457,294.3310546875,0.0007415565196424723,2,-1,73,48,48,68,1,92,81,16,97,100,36,12,26,16,6,180,4,4,200,8,133,96,176,0,67,249,0,51,74,4,78,118
734.4000244140625,512.6400146484375,44.6400032043457,165.43923950195312,0.000723956385627389,2,-1,5,29,21,161,156,175,67,178,230,181,138,13,215,17,17,0,129,32,89,124,58,169,89,60,233,142,1,84,208,9,80,98
102.24000549316406,208.8000030517578,44.6400032043457,47.290496826171875,0.0007200814434327185,2,-1,67,160,129,0,129,92,72,143,43,241,130,24,156,22,92,182,129,135,120,157,31,72,225,64,137,88,159,118,128,4,131,108
472.32000732421875,280.8000183105469,44.6400032043457,336.813232421875,0.0006981713813729584,2,-1,97,48,248,4,74,16,81,0,97,68,230,45,83,56,150,114,106,196,106,140,140,99,245,64,86,42,96,10,109,160,106,70
1297.7281494140625,596.1600341796875,53.5680046081543,66.48121643066406,0.0005772276781499386,3,-1,40,164,60,113,93,203,81,232,86,180,36,8,82,89,16,51,153,76,81,56,42,242,107,29,107,139,69,53,83,8,86,162
91.5840072631836,293.7600402832031,53.5680046081543,134.12184143066406,0.0005110958009026945,3,-1,32,34,33,33,32,78,99,16,120,76,96,77,151,13,18,16,144,12,69,13,136,176,164,2,197,164,32,0,64,128,71,241
993.60009765625,577.1520385742188,53.5680046081543,9.769790649414062,0.0007653919165022671,3,-1,44,176,57,106,209,77,67,157,115,53,45,8,146,23,72,52,153,158,66,24,26,50,248,19,109,156,5,124,210,2,198,50
449.280029296875,371.5200500488281,53.5680046081543,270.84796142578125,0.0005852502072229981,3,-1,112,36,112,96,23,11,66,32,121,160,40,8,3,9,20,16,58,148,64,40,40,160,132,78,51,220,1,49,97,130,70,6
499.3920593261719,552.9600830078125,53.5680046081543,6.456879615783691,0.0004799783055204898,3,-1,80,162,28,186,8,228,88,28,166,29,133,145,247,206,74,8,205,147,108,145,14,67,203,17,209,225,58,89,208,64,47,10
501.12005615234375,540.8640747070312,53.5680046081543,28.879737854003906,0.0004969406290911138,3,-1,32,41,90,96,112,201,83,87,32,12,124,41,51,147,130,16,72,170,69,72,10,58,192,35,246,141,32,1,96,128,70,171
596.1600341796875,374.9760437011719,53.5680046081543,239.60726928710938,0.0004891618737019598,3,-1,56,4,95,124,49,194,80,112,181,136,246,32,83,215,160,48,216,244,245,168,40,227,66,12,227,251,224,145,99,128,110,35
428.5440368652344,257.4720153808594,53.5680046081543,243.96551513671875,0.0006532859988510609,3,-1,114,40,178,60,9,216,65,64,233,132,134,8,198,208,64,118,128,116,120,1,8,67,226,0,145,48,11,59,0,4,54,38
604.800048828125,343.8720397949219,53.5680046081543,116.18243408203125,0.0008424454717896879,3,-1,34,48,43,37,75,93,48,88,162,236,196,45,148,213,194,54,140,92,250,4,141,83,242,0,215,81,1,187,74,4,38,247
741.3120727539062,556.4160766601562,53.5680046081543,165.71128845214844,0.0008195281261578202,3,-1,65,16,53,101,8,79,69,50,100,66,34,12,214,49,0,115,0,68,120,42,41,160,113,12,193,170,64,16,72,32,64,114
1544.8321533203125,330.04803466796875,53.5680046081543,127.25341033935547,0.0006509977974928916,3,-1,96,40,64,5,64,8,96,7,96,0,98,136,131,0,144,80,2,140,104,12,0,88,197,0,4,40,0,0,101,128,66,128
466.56005859375,539.1360473632812,53.5680046081543,132.3592987060547,0.001982917543500662,3,-1,65,34,136,69,32,24,104,16,105,172,126,204,151,1,210,54,0,76,108,12,132,240,229,64,134,184,33,32,72,162,75,133
1503.360107421875,601.3440551757812,53.5680046081543,56.008750915527344,0.0022565012332051992,3,-1,121,160,236,33,205,95,208,143,98,253,50,25,11,61,90,154,161,70,237,21,20,248,197,0,79,235,117,85,227,204,222,202
1062.7200927734375,582.3360595703125,53.5680046081543,149.7126007080078,0.0005025711143389344,3,-1,16,13,85,97,50,202,2,55,37,0,170,224,151,23,128,117,38,183,76,224,41,136,69,108,160,242,34,0,106,128,5,56
440.6400451660156,537.4080810546875,53.5680046081543,52.13288879394531,0.0007500409847125411,3,-1,120,50,90,56,43,157,80,72,163,132,160,141,175,195,66,144,134,177,201,0,14,67,210,17,146,209,5,59,106,132,14,18
551.2320556640625,317.9520263671875,53.5680046081543,297.921875,0.0005333078443072736,3,-1,82,12,86,119,18,138,106,32,189,0,98,129,127,105,20,83,178,247,121,45,32,216,1,110,161,190,64,0,100,128,67,0
172.80001831054688,482.112060546875,53.5680046081543,76.50069427490234,0.0005871813045814633,3,-1,71,187,128,19,224,152,184,148,42,121,16,237,172,10,200,134,135,67,206,85,135,72,138,241,12,80,63,238,206,6,11,157
575.424072265625,542.592041015625,53.5680046081543,53.24379348754883,0.0008058278472162783,3,-1,80,43,18,40,40,129,18,66,169,136,168,105,6,131,32,16,130,181,77,0,8,11,130,32,144,180,41,187,64,2,35,3
1448.0640869140625,447.5520324707031,53.5680046081543,52.34762954711914,0.00041434288141317666,3,-1,8,32,89,96,32,89,88,16,96,232,60,72,31,23,80,176,128,132,68,8,9,96,128,0,67,201,33,177,66,130,74,3
190.08001708984375,482.112060546875,53.5680046081543,18.189218521118164,0.0006447250489145517,3,-1,36,32,40,64,64,237,67,24,35,229,109,12,18,19,75,28,25,168,83,28,17,16,248,18,69,157,1,116,200,67,66,50
167.6160125732422,473.4720458984375,53.5680046081543,273.7861328125,0.0005461917608045042,3,-1,77,186,47,19,225,221,49,146,166,253,22,101,188,214,194,178,5,122,253,21,135,216,186,48,79,65,53,225,138,4,15,251
407.80804443359375,475.2000427246094,53.5680046081543,285.2173156738281,0.0005025233258493245,3,-1,121,36,216,5,21,90,195,41,114,164,238,12,71,32,146,52,26,68,96,40,13,242,245,14,187,239,69,17,111,162,75,68
1287.360107421875,596.1600341796875,53.5680046081543,22.797317504882812,0.0008057409431785345,3,-1,125,176,17,104,137,93,64,136,43,240,32,12,30,19,64,150,129,68,200,8,7,65,218,17,154,217,5,126,90,4,74,4
544.320068359375,544.320068359375,53.5680046081543,148.3408203125,0.00038677806151099503,3,-1,9,19,21,65,49,14,98,48,125,136,38,68,222,19,128,245,20,84,110,106,161,224,49,76,165,186,96,2,74,128,1,33
1449.7921142578125,452.7360534667969,53.5680046081543,61.709503173828125,0.00044479453936219215,3,-1,68,50,177,68,160,72,65,16,107,172,160,108,134,22,192,54,135,85,108,16,137,64,240,64,137,208,15,98,0,32,7,117
1532.7362060546875,490.7520446777344,53.5680046081543,359.7069396972656,0.0006314176134765148,3,-1,35,104,167,95,13,212,165,196,234,83,225,0,176,252,29,190,201,106,112,11,79,231,250,33,3,126,222,10,65,86,118,236
150.3360137939453,506.3040466308594,53.5680046081543,33.94343948364258,0.0008404506370425224,3,-1,96,168,24,58,8,201,80,140,162,17,168,9,54,211,8,18,129,83,73,0,10,74,202,49,195,225,16,57,16,2,6,10
112.32000732421875,347.3280334472656,53.5680046081543,115.48292541503906,0.0005815659533254802,3,-1,51,20,37,69,18,15,130,80,21,40,210,76,82,29,20,48,220,220,85,37,169,242,81,14,49,46,33,146,105,8,114,51
1461.88818359375,466.56005859375,53.5680046081543,212.06741333007812,0.0013085552491247654,3,-1,64,152,182,92,9,20,129,175,232,17,162,20,240,179,20,246,193,102,104,136,9,233,211,97,1,186,90,26,74,0,227,62
437.1840515136719,537.4080810546875,53.5680046081543,49.717750549316406,0.0005315575981512666,3,-1,120,50,16,184,11,28,80,88,163,4,160,141,15,195,2,208,198,145,201,0,14,67,210,1,211,225,0,57,58,132,14,18
134.7840118408203,309.3120422363281,53.5680046081543,357.2953186035156,0.00039459517574869096,3,-1,69,112,145,68,0,108,68,16,96,226,34,72,82,48,65,58,0,84,112,10,129,100,176,0,1,168,69,32,200,113,66,33
910.6560668945312,552.9600830078125,53.5680046081543,168.99813842773438,0.0010970329167321324,3,-1,109,56,145,80,201,253,96,146,123,242,32,72,26,17,69,188,9,124,96,24,129,120,240,114,15,156,21,118,202,209,66,188
787.9680786132812,552.9600830078125,53.5680046081543,33.014488220214844,0.0006444273749366403,3,-1,0,51,120,64,32,12,83,16,96,4,44,12,19,7,0,48,20,16,64,72,0,32,176,0,227,141,0,0,64,130,70,48
1425.60009765625,489.0240478515625,53.5680046081543,196.9713592529297,0.00043441643356345594,3,-1,82,168,185,54,137,216,16,143,170,85,130,25,166,190,66,18,129,87,249,17,6,75,163,49,217,227,92,123,128,0,143,74
1392.7681884765625,489.0240478515625,53.5680046081543,12.646544456481934,0.0006384049775078893,3,-1,4,176,29,97,128,110,81,17,36,97,103,16,214,19,8,26,1,4,104,8,17,240,17,4,193,170,0,80,200,0,194,34
1498.1761474609375,601.3440551757812,53.5680046081543,45.40739059448242,0.002127537503838539,3,-1,85,32,158,68,129,124,48,5,224,249,167,24,82,177,206,122,33,132,232,24,20,225,161,64,91,171,117,85,203,96,235,6
705.0240478515625,552.9600830078125,53.5680046081543,38.917144775390625,0.0008781908545643091,3,-1,104,168,152,126,9,201,80,130,163,20,36,9,182,215,66,18,129,115,233,0,10,74,202,49,203,241,21,59,82,2,78,74
169.34400939941406,506.3040466308594,53.5680046081543,181.12620544433594,0.0008581897127442062,3,-1,64,40,27,112,64,201,49,71,112,32,102,8,54,151,0,48,0,63,64,0,0,56,160,2,209,132,16,33,64,0,134,42
573.696044921875,509.7600402832031,53.5680046081543,320.04656982421875,0.0005181182059459388,3,-1,97,42,88,64,96,28,96,18,105,12,54,76,2,2,150,116,128,132,76,12,132,104,164,64,6,184,32,16,64,128,74,5
1496.4481201171875,540.8640747070312,53.5680046081543,40.366493225097656,0.000559572537895292,3,-1,82,32,162,84,9,192,197,0,225,130,166,0,194,242,102,118,200,100,121,136,8,67,162,64,209,248,206,11,66,32,102,38
1389.3121337890625,433.72802734375,53.5680046081543,330.0945739746094,0.0006890962831676006,3,-1,224,33,104,96,8,73,88,8,34,96,164,137,147,15,82,48,136,148,81,192,12,66,216,16,195,193,137,49,96,130,94,18
1278.7200927734375,388.800048828125,53.5680046081543,170.80796813964844,0.0004768919898197055,3,-1,129,96,17,64,0,73,4,0,96,98,32,8,18,22,1,56,0,20,64,66,65,100,160,0,1,160,65,48,72,48,66,32
1344.3841552734375,597.8880615234375,53.5680046081543,68.87858581542969,0.0006667795241810381,3,-1,88,162,0,32,161,25,64,87,100,61,134,120,143,19,192,208,129,134,204,128,30,74,193,33,210,193,58,245,10,4,175,11
57.02400588989258,243.6480255126953,53.5680046081543,313.6246643066406,0.00046657686471007764,3,-1,99,32,0,32,1,29,72,0,41,32,164,13,134,1,18,148,0,132,200,12,12,64,208,0,128,112,0,48,74,132,90,4
314.49603271484375,499.3920593261719,53.5680046081543,343.269287109375,0.0006143802311271429,3,-1,72,48,49,96,1,77,17,16,97,100,32,8,30,23,64,180,128,21,193,0,1,96,176,64,193,216,1,50,74,4,6,114
328.3200378417969,380.1600341796875,53.5680046081543,164.29881286621094,0.0003820832644123584,3,-1,64,56,17,64,0,72,1,22,32,0,32,72,18,23,0,48,0,20,96,0,1,72,176,32,1,128,16,0,64,0,6,56
193.5360107421875,492.48004150390625,53.5680046081543,312.3310852050781,0.0003805734741035849,3,-1,72,96,1,225,52,75,74,16,52,0,66,200,215,5,144,112,16,28,60,8,73,244,209,10,132,164,32,0,44,136,18,48
884.736083984375,552.9600830078125,53.5680046081543,0.7811986804008484,0.0003691708843689412,3,-1,80,88,91,116,98,72,55,34,48,74,102,40,22,183,0,112,34,117,108,66,65,29,162,42,209,166,112,9,96,48,6,43
518.4000244140625,518.4000244140625,53.5680046081543,120.84842681884766,0.0003631224390119314,3,-1,120,32,232,4,15,88,85,66,97,134,166,137,11,44,86,150,40,196,225,0,12,99,228,128,83,113,68,19,103,108,94,70
984.9600830078125,582.3360595703125,53.5680046081543,355.9597473144531,0.0003540231555234641,3,-1,108,48,185,64,133,77,81,16,34,180,36,8,30,21,65,30,1,84,64,24,1,96,184,0,203,137,5,52,194,96,70,114
879.5520629882812,414.72003173828125,53.5680046081543,358.2024230957031,0.0003458344435784966,3,-1,73,48,17,64,65,76,32,0,97,64,104,8,26,16,0,180,16,20,66,8,1,48,176,64,5,60,0,2,74,2,66,52
829.4400634765625,520.1280517578125,53.5680046081543,311.3923034667969,0.00032813954749144614,3,-1,114,140,111,22,16,202,67,164,249,69,234,173,99,108,30,80,50,230,109,133,44,152,37,111,102,38,144,17,101,2,86,94
767.2320556640625,475.2000427246094,53.5680046081543,176.93060302734375,0.00030533826793543994,3,-1,21,135,28,107,152,87,218,57,70,121,169,80,211,74,26,33,221,19,76,161,191,32,77,29,233,129,43,85,88,2,168,16
1382.400146484375,302.4000244140625,53.5680046081543,265.10546875,0.00030218384927138686,3,-1,77,178,173,22,168,92,181,152,170,255,6,164,252,246,203,106,7,70,248,22,147,65,174,97,76,35,111,172,138,244,7,113
1090.3681640625,437.1840515136719,53.5680046081543,39.88726806640625,0.0003017679264303297,3,-1,64,32,16,64,0,9,0,0,96,160,32,8,2,2,64,16,0,20,64,0,0,96,128,0,0,128,1,48,64,0,2,0
1007.424072265625,570.2400512695312,53.5680046081543,64.96102142333984,0.0003004899190273136,3,-1,48,36,19,68,4,103,71,97,113,166,229,8,83,19,1,29,88,156,64,42,104,246,80,12,209,130,195,16,96,232,118,34
274.75201416015625,499.3920593261719,53.5680046081543,171.0059814453125,0.00029926426941528916,3,-1,0,32,17,64,0,72,0,2,96,0,32,8,18,23,0,48,0,20,64,0,1,64,160,0,1,160,0,0,64,0,6,48
1130.112060546875,300.6720275878906,53.5680046081543,134.466064453125,0.0002929263864643872,3,-1,127,84,84,72,153,114,74,152,97,240,173,168,91,50,149,247,75,212,252,250,45,35,221,220,58,255,193,127,255,247,106,20
971.1361083984375,352.51202392578125,53.5680046081543,238.22988891601562,0.00029034705949015915,3,-1,75,168,48,90,43,157,56,152,174,240,4,169,252,214,206,176,135,51,249,12,134,65,174,113,202,25,11,191,18,132,11,69
592.7040405273438,476.92803955078125,53.5680046081543,24.89301872253418,0.000287672650301829,3,-1,75,168,36,93,41,192,193,142,174,89,164,0,186,18,6,134,200,98,125,140,11,75,243,53,129,250,218,154,90,4,98,46
1448.0640869140625,480.384033203125,53.5680046081543,253.89080810546875,0.00028743845177814364,3,-1,33,32,1,41,16,15,10,88,54,104,112,204,211,132,144,48,92,156,20,140,141,178,213,26,197,132,33,128,120,128,2,176
1359.9361572265625,397.4400329589844,53.5680046081543,11.901946067810059,0.0002838946820702404,3,-1,64,32,145,68,0,72,0,0,96,128,32,8,18,19,64,50,0,84,64,0,1,96,128,0,1,128,1,0,64,32,6,32
1425.60009765625,411.2640380859375,53.5680046081543,127.90168762207031,0.0002785567194223404,3,-1,64,6,5,229,48,75,74,48,36,40,154,232,211,37,144,48,24,148,77,40,41,144,97,14,160,134,161,144,32,138,20,49
259.2000427246094,319.3344421386719,64.28160858154297,343.2861328125,0.0003891095984727144,4,-1,65,48,144,68,0,76,68,48,96,130,34,76,82,50,65,59,0,84,96,42,65,96,144,0,1,170,69,0,72,112,66,0
997.4017333984375,576.4608764648438,64.28160858154297,335.7572937011719,0.0003609381092246622,4,-1,101,96,216,65,236,61,196,152,115,186,52,72,19,56,213,58,157,204,102,30,133,118,216,0,14,153,101,60,201,241,74,132
1246.2337646484375,306.8928527832031,64.28160858154297,258.3823547363281,0.0004643695428967476,4,-1,80,50,11,1,2,76,33,64,44,44,162,108,198,4,128,210,160,212,236,0,9,99,225,64,145,32,33,18,64,0,7,113
984.9601440429688,580.6080932617188,64.28160858154297,344.0057678222656,0.0003176927857566625,4,-1,109,48,177,68,197,92,97,16,105,232,36,72,26,53,84,182,136,84,80,24,129,112,176,64,15,152,5,34,194,160,70,180
1461.88818359375,464.4864501953125,64.28160858154297,196.9550323486328,0.00046214336180128157,4,-1,77,128,20,123,9,60,64,13,106,17,163,24,198,88,24,122,193,7,104,25,30,100,219,17,137,243,91,124,208,0,137,2
1534.4642333984375,489.3696594238281,64.28160858154297,345.94085693359375,0.00027051367214880884,4,-1,233,225,161,47,141,76,150,173,66,83,129,17,246,220,90,34,152,70,121,99,95,100,219,51,193,117,94,125,88,30,219,2
705.0241088867188,551.5776977539062,64.28160858154297,34.86378479003906,0.000398573640268296,4,-1,104,169,24,110,9,201,83,138,34,37,44,9,182,215,66,16,128,114,233,64,2,10,202,49,235,197,21,59,82,2,78,10
740.2753295898438,555.724853515625,64.28160858154297,171.64004516601562,0.00033647610689513385,4,-1,64,24,181,116,0,78,69,50,224,98,34,8,214,51,0,114,0,116,120,8,1,104,241,0,193,170,64,16,72,112,70,34
914.4577026367188,551.5776977539062,64.28160858154297,161.06690979003906,0.0004868053365498781,4,-1,33,112,152,83,68,189,224,23,122,235,101,92,178,24,79,186,129,42,66,24,135,116,210,2,15,157,20,34,200,88,74,140
111.97441864013672,346.291259765625,64.28160858154297,107.2181625366211,0.00030062856967560947,4,-1,51,32,22,65,34,15,200,74,31,40,210,72,82,24,148,32,156,221,117,13,136,240,65,28,0,26,33,146,72,136,80,33
1061.683349609375,580.6080932617188,64.28160858154297,234.61001586914062,0.0002904795983340591,4,-1,206,243,236,65,162,8,188,149,42,245,6,181,205,47,206,90,39,85,233,85,150,76,149,64,206,51,94,197,142,148,143,27
466.56005859375,539.1360473632812,64.28160858154297,135.12109375,0.0011863528052344918,4,-1,1,35,41,1,116,15,107,0,108,228,42,77,147,0,20,16,144,68,74,76,132,176,229,0,100,140,37,0,64,130,83,64
653.18408203125,375.3216552734375,64.28160858154297,288.4403991699219,0.0005141690489836037,4,-1,34,32,82,40,104,1,136,72,46,160,96,136,4,130,68,18,138,77,66,129,0,83,138,80,24,128,11,40,81,0,3,160
543.2832641601562,543.2832641601562,64.28160858154297,123.39828491210938,0.0003022794262506068,4,-1,17,47,88,65,48,154,98,0,229,4,254,64,195,0,150,180,50,228,76,140,140,176,101,74,162,253,32,1,106,130,74,4
427.1616516113281,257.1264343261719,64.28160858154297,242.562744140625,0.0003853720845654607,4,-1,112,40,50,122,13,217,83,0,235,132,140,8,166,208,66,54,128,240,232,1,8,3,226,32,145,245,1,59,0,6,22,38
574.3872680664062,541.2096557617188,64.28160858154297,107.14788818359375,0.0003362853894941509,4,-1,89,2,76,5,50,26,105,17,116,68,71,164,207,2,146,214,54,4,236,44,165,212,165,12,194,235,104,129,46,132,9,68
653.18408203125,371.1744384765625,64.28160858154297,296.37158203125,0.00040663607069291174,4,-1,1,160,144,33,48,3,170,200,126,160,32,136,197,194,192,0,27,72,74,136,34,225,13,31,136,134,39,52,80,0,3,128
499.7376708984375,551.5776977539062,64.28160858154297,10.075636863708496,0.000351652386598289,4,-1,64,176,136,170,8,36,89,28,38,21,133,29,215,79,74,90,193,147,105,149,30,70,219,17,201,161,154,125,144,0,6,82
151.37281799316406,503.8848571777344,64.28160858154297,26.878070831298828,0.00043138826731592417,4,-1,104,177,16,74,89,77,83,156,43,33,40,72,50,83,72,20,17,26,66,64,2,42,218,49,101,156,0,63,82,2,198,43
790.0416870117188,551.5776977539062,64.28160858154297,12.708271980285645,0.0005596277769654989,4,-1,49,55,113,64,80,79,67,16,112,160,104,72,19,21,208,48,28,216,68,72,137,178,244,10,53,140,32,32,97,130,70,160
244.68482971191406,317.2608337402344,64.28160858154297,1.3762673139572144,0.00035580387338995934,4,-1,64,32,49,64,0,72,1,0,96,160,32,8,18,22,0,48,0,20,64,0,1,96,160,0,1,168,1,32,64,0,70,32
167.9616241455078,503.8848571777344,64.28160858154297,213.71466064453125,0.00040495258872397244,4,-1,218,59,2,182,58,136,10,0,169,128,130,237,175,131,64,211,38,247,237,192,104,73,128,108,176,241,10,139,32,132,43,9
441.6768493652344,537.0625,64.28160858154297,48.93400192260742,0.00041807128582149744,4,-1,112,32,24,56,9,77,80,72,163,208,160,13,55,202,66,16,164,131,73,4,14,67,218,17,219,193,5,57,104,0,10,18
1391.3857421875,439.603271484375,64.28160858154297,304.9146423339844,0.00030517179402522743,4,-1,96,48,40,96,0,77,81,23,48,68,236,9,19,23,2,48,144,158,81,8,8,24,240,2,195,141,16,16,72,0,86,122
1389.312255859375,433.3824462890625,64.28160858154297,320.3372497558594,0.00038461340591311455,4,-1,32,57,104,96,24,77,75,16,34,164,172,8,19,21,0,16,8,148,81,104,8,10,208,28,225,136,129,48,72,138,70,50
190.77122497558594,481.07525634765625,64.28160858154297,318.63037109375,0.00034470640821382403,4,-1,49,166,108,12,94,31,82,120,81,166,173,13,67,40,150,16,25,196,64,174,252,34,125,30,58,14,1,55,101,239,90,68
595.123291015625,373.248046875,64.28160858154297,262.29669189453125,0.0003158214676659554,4,-1,112,22,22,100,40,6,20,112,33,166,162,108,70,35,0,147,236,213,233,162,232,195,17,76,176,178,203,18,8,112,34,3
1393.4593505859375,487.29608154296875,64.28160858154297,39.48740005493164,0.00036389415618032217,4,-1,72,136,60,124,9,216,21,166,40,23,38,8,174,55,0,243,129,87,232,0,34,72,163,37,193,227,80,17,66,0,7,42
1132.185791015625,340.0704345703125,64.28160858154297,310.2415771484375,0.0011808788403868675,4,-1,104,48,129,97,9,79,64,16,35,160,162,72,150,23,64,182,0,84,200,8,9,192,209,0,133,240,13,48,74,0,7,176
267.49444580078125,315.187255859375,64.28160858154297,115.64389038085938,0.0002931200433522463,4,-1,16,0,68,1,4,10,96,0,116,0,98,0,195,0,144,80,48,140,104,8,8,176,69,0,132,162,0,0,96,128,82,0
551.5776977539062,317.2608337402344,64.28160858154297,328.9219055175781,0.0002536699757911265,4,-1,81,12,210,229,2,10,172,118,48,130,66,226,213,51,128,35,54,93,113,170,97,216,129,10,180,166,122,128,109,240,35,169
91.23841094970703,292.3776550292969,64.28160858154297,129.3497314453125,0.00023817876353859901,4,-1,32,34,33,33,96,79,97,16,48,72,112,65,151,5,16,16,20,12,4,13,129,240,193,2,197,164,32,0,64,128,70,240
172.10882568359375,479.0016784667969,64.28160858154297,70.62103271484375,0.00023762747878208756,4,-1,203,254,16,2,122,153,186,144,42,249,25,253,172,10,194,144,135,65,223,87,231,12,142,115,140,20,43,254,76,135,11,29
620.0064697265625,549.5040893554688,64.28160858154297,79.1322250366211,0.00022952634026296437,4,-1,67,58,7,23,96,220,49,16,172,196,6,236,252,214,130,246,6,103,232,5,131,201,182,97,4,50,26,130,14,134,3,125
534.9888916015625,315.187255859375,64.28160858154297,292.6017761230469,0.00022784413886256516,4,-1,107,96,104,64,104,25,152,2,104,32,164,137,18,28,150,48,206,148,211,13,136,102,196,0,86,89,136,49,71,140,90,2
1279.411376953125,387.76324462890625,64.28160858154297,166.74557495117188,0.00022041886404622346,4,-1,193,112,17,68,0,73,4,32,96,98,32,8,18,16,65,59,0,84,64,98,65,100,144,0,1,136,69,48,72,48,66,32
885.4273071289062,551.5776977539062,64.28160858154297,5.7257843017578125,0.00021560188906732947,4,-1,80,78,251,108,82,72,55,86,48,134,110,168,55,183,129,112,54,253,36,194,72,155,160,40,241,164,36,9,97,242,38,107
1161.2161865234375,325.55523681640625,64.28160858154297,192.18971252441406,0.00020931774633936584,4,-1,82,42,250,84,3,144,184,66,168,132,180,168,11,135,198,150,38,245,205,128,128,107,166,64,19,193,15,171,99,164,47,161
1040.9473876953125,572.3136596679688,64.28160858154297,177.01100158691406,0.00019645750580821186,4,-1,144,103,63,54,10,193,157,37,228,206,178,169,243,76,26,35,12,179,77,227,232,235,103,13,241,129,100,153,97,146,167,107
327.62884521484375,379.4688415527344,64.28160858154297,186.23605346679688,0.00019601803796831518,4,-1,64,40,17,112,0,200,1,2,160,4,32,9,22,135,0,16,0,52,105,0,0,72,162,32,193,160,0,0,64,0,6,114
501.811279296875,539.1360473632812,64.28160858154297,43.03866958618164,0.0001941778027685359,4,-1,184,127,90,112,82,139,113,119,48,4,100,41,55,147,2,17,34,184,4,64,104,190,16,46,247,193,32,1,96,128,78,139
192.84483337402344,491.4432678222656,64.28160858154297,296.1165466308594,0.00019310135394334793,4,-1,41,97,80,65,65,13,103,48,32,32,110,76,17,19,128,177,104,140,106,238,65,144,209,4,36,169,160,32,43,138,66,128
572.3136596679688,508.0320739746094,64.28160858154297,323.367919921875,0.00019280619744677097,4,-1,97,42,120,19,96,140,233,18,120,12,112,76,147,8,150,48,128,46,70,12,132,120,164,96,70,185,32,0,64,128,67,197
634.5216674804688,367.0272521972656,64.28160858154297,288.61077880859375,0.0001914738822961226,4,-1,80,0,86,28,80,130,224,64,112,0,234,0,64,226,32,80,88,237,32,168,8,243,5,78,176,38,194,0,65,2,99,0
1090.7137451171875,437.5296630859375,64.28160858154297,19.911699295043945,0.00018254033057019114,4,-1,72,32,17,64,1,88,0,0,97,64,32,8,10,2,0,150,0,68,192,0,1,96,128,64,0,240,0,2,74,4,2,20
1072.0513916015625,551.5776977539062,64.28160858154297,245.7871551513672,0.00016160868108272552,4,-1,66,187,56,74,58,153,153,141,234,48,12,104,188,210,196,48,134,59,249,65,130,8,254,113,236,20,15,191,28,2,15,47
568.16650390625,335.9232482910156,64.28160858154297,64.49343872070312,0.0001595435751369223,4,-1,219,70,37,5,35,90,45,33,45,102,3,244,205,6,150,255,166,5,124,175,245,133,37,204,128,122,75,210,46,36,129,117
315.187255859375,497.6640625,64.28160858154297,313.9893493652344,0.00015621798229403794,4,-1,99,34,80,64,37,28,72,16,105,160,60,76,10,8,214,180,134,132,84,12,133,96,180,192,2,88,1,50,79,134,74,5
933.1201171875,489.3696594238281,64.28160858154297,65.29659271240234,0.00015185192751232535,4,-1,67,48,1,0,34,13,41,0,40,224,0,204,148,6,192,52,38,5,88,12,129,64,180,64,144,16,11,176,8,128,3,116
1424.5633544921875,408.499267578125,64.28160858154297,122.73143005371094,0.00015099711890798062,4,-1,0,6,1,97,52,15,106,16,52,8,194,192,211,5,144,32,20,84,92,44,41,144,65,14,161,166,160,16,40,138,80,48
582.6817016601562,387.76324462890625,64.28160858154297,273.5684509277344,0.00013762488379143178,4,-1,105,48,33,64,97,93,113,16,105,104,52,8,26,28,150,52,128,4,87,12,133,96,176,128,71,121,32,162,74,132,66,247
1047.1680908203125,570.2400512695312,64.28160858154297,171.7071533203125,0.00013364540063776076,4,-1,17,135,61,45,16,82,157,63,100,77,253,176,243,110,138,33,94,147,12,161,255,170,111,29,225,231,42,1,113,194,174,201
788.797607421875,552.4071655273438,77.137939453125,0.20242227613925934,0.000251661374932155,5,-1,41,53,81,65,85,95,226,81,97,96,105,72,27,16,148,180,24,140,82,104,137,178,116,12,37,28,1,32,75,130,66,164
1388.48291015625,435.45611572265625,77.137939453125,308.46881103515625,0.00028532976284623146,5,-1,32,61,49,64,16,79,67,54,97,172,168,76,18,21,4,52,140,154,85,104,137,170,112,60,33,156,0,50,65,10,70,42
450.3860168457031,368.2714538574219,77.137939453125,255.10626220703125,0.00023819808848202229,5,-1,48,52,31,32,48,206,81,80,48,204,224,109,82,29,2,17,156,253,196,32,169,242,241,12,168,227,33,18,72,0,70,211
1129.697509765625,338.4115905761719,77.137939453125,289.20843505859375,0.0003897291317116469,5,-1,97,34,24,68,104,25,80,72,99,164,164,8,142,0,194,18,138,196,76,8,12,99,200,16,154,216,5,59,64,128,10,4
465.3159484863281,539.965576171875,77.137939453125,114.40226745605469,0.00046455045230686665,5,-1,112,96,65,37,16,11,66,0,48,160,226,205,147,0,64,16,88,204,68,192,73,182,213,10,181,132,161,48,73,32,82,48
995.3282470703125,577.2904052734375,77.137939453125,334.3953857421875,0.00022807625646237284,5,-1,45,32,240,97,228,45,231,8,122,234,48,8,147,56,215,56,153,76,66,28,132,114,204,2,78,220,37,52,200,251,74,132
154.27587890625,505.12908935546875,77.137939453125,303.1473388671875,0.00026814555167220533,5,-1,225,63,173,22,109,93,86,48,233,238,180,45,98,252,214,55,129,102,236,102,236,98,250,40,39,82,69,59,66,124,86,87
1497.968994140625,542.4539184570312,77.137939453125,29.178571701049805,0.0005468593444675207,5,-1,104,168,185,126,13,88,16,142,106,29,32,8,182,60,64,242,129,83,232,1,6,104,227,49,199,241,80,59,80,0,7,106
166.7174835205078,505.12908935546875,77.137939453125,268.9542541503906,0.00030815618811175227,5,-1,89,32,237,69,178,122,105,23,48,225,71,176,219,38,146,250,54,150,252,172,185,216,165,12,206,107,112,193,166,164,143,112
1390.97119140625,440.4327392578125,77.137939453125,299.89373779296875,0.00022181481472216547,5,-1,40,48,49,97,81,79,81,23,49,13,104,92,50,21,0,52,20,158,85,8,152,152,240,10,229,220,16,18,66,8,198,234
1159.557373046875,325.9700012207031,77.137939453125,192.78616333007812,0.00010642290726536885,5,-1,82,58,170,116,40,148,152,66,160,140,176,141,163,143,70,18,174,243,205,132,140,75,146,32,211,193,58,137,65,0,47,90
574.8020629882812,542.4539184570312,77.137939453125,162.2658233642578,0.0001880457712104544,5,-1,194,121,187,86,193,216,180,7,184,194,102,24,168,190,69,186,128,127,241,0,5,216,178,98,7,127,84,3,192,112,143,254
534.9889526367188,316.0167236328125,77.137939453125,294.9472961425781,0.00012261723168194294,5,-1,224,96,98,96,67,9,248,70,233,33,96,137,133,137,21,24,138,21,83,65,4,127,196,0,7,120,24,49,68,152,82,138
440.4327392578125,537.4772338867188,77.137939453125,50.80387878417969,0.00016963700181804597,5,-1,112,32,10,40,8,77,80,72,162,176,160,9,23,151,2,16,136,133,73,4,14,67,218,17,209,129,1,61,96,0,10,66
1393.45947265625,490.19915771484375,77.137939453125,18.133724212646484,0.00018139882013201714,5,-1,76,128,31,97,129,234,81,1,224,53,39,24,94,55,8,122,1,20,232,16,16,193,169,4,201,227,85,85,194,0,134,98
171.69412231445312,480.2458801269531,77.137939453125,69.864013671875,0.00012799828255083412,5,-1,195,174,64,178,50,189,186,130,59,226,25,221,173,10,211,149,135,43,85,15,231,84,156,255,128,88,11,184,76,197,11,29
704.1947021484375,552.4071655273438,77.137939453125,332.6002502441406,0.00016153119213413447,5,-1,101,98,192,68,109,61,64,24,99,186,52,76,2,8,215,190,9,204,70,30,141,118,220,0,6,24,5,52,203,245,90,132
1495.480712890625,532.5006103515625,77.137939453125,53.26447296142578,0.00014811761502642184,5,-1,24,32,51,32,65,79,105,64,113,4,104,8,11,147,48,48,184,137,16,136,8,211,32,0,145,205,0,1,99,2,102,226
619.591796875,549.9188232421875,77.137939453125,84.57139587402344,0.00010795279376907274,5,-1,67,177,46,28,42,156,57,0,168,80,70,160,252,214,190,118,38,61,249,77,131,65,182,65,71,49,11,138,6,134,39,117
258.78533935546875,320.99334716796875,77.137939453125,342.05255126953125,0.00010116855992237106,5,-1,65,48,148,68,0,76,68,48,96,130,34,8,82,50,0,114,0,84,96,42,1,64,145,0,1,170,64,0,72,112,2,0
500.1524353027344,552.4071655273438,77.137939453125,348.0239562988281,0.00016426545334979892,5,-1,228,113,209,72,232,73,73,152,35,120,161,248,147,23,201,191,76,212,108,250,107,70,235,16,135,208,225,124,146,179,6,48
594.7086181640625,373.2480773925781,77.137939453125,269.9261169433594,0.0001430140546290204,5,-1,65,20,159,165,106,78,37,96,40,226,162,141,212,38,0,147,238,69,106,38,97,83,209,72,148,162,79,2,8,112,43,144
1278.996826171875,388.1780090332031,77.137939453125,163.023681640625,0.00010282137372996658,5,-1,201,112,17,68,1,89,4,32,113,194,34,8,90,16,0,183,16,84,224,98,65,100,144,0,1,250,65,18,74,52,66,20
542.4539184570312,544.9421997070312,77.137939453125,127.52948760986328,0.00011817390623036772,5,-1,65,15,123,64,116,154,98,32,236,4,170,76,195,200,150,112,146,164,78,108,140,161,101,78,102,60,32,16,64,130,66,68
1460.6441650390625,465.3159484863281,77.137939453125,83.1463623046875,0.0002133826637873426,5,-1,36,160,196,69,236,11,228,172,107,179,33,56,195,32,220,30,9,68,98,184,60,112,207,16,12,154,69,116,225,112,194,132
654.4283447265625,378.2247314453125,77.137939453125,288.99859619140625,0.00020649557700380683,5,-1,48,34,16,41,72,1,168,72,62,32,224,136,4,2,64,16,26,13,66,136,0,210,193,80,148,128,11,32,65,0,3,128
1460.6441650390625,475.26922607421875,77.137939453125,254.90139770507812,0.0001896204485092312,5,-1,80,40,19,122,2,132,43,0,52,0,98,0,247,211,32,112,48,59,32,136,0,208,178,98,209,172,3,8,96,0,39,32
246.34373474121094,318.5050354003906,77.137939453125,0.7474181652069092,0.00015905471809674054,5,-1,64,32,17,64,0,72,1,0,96,128,32,8,18,23,64,50,0,84,64,0,1,96,160,0,1,160,1,0,64,0,70,32
1089.8843994140625,437.9444274902344,77.137939453125,354.3876037597656,0.00010889336408581585,5,-1,65,50,56,0,0,28,17,16,96,4,36,12,18,0,2,16,4,4,192,12,132,96,176,0,66,169,0,0,72,128,74,81
572.313720703125,505.12908935546875,77.137939453125,341.53350830078125,0.000119661825010553,5,-1,25,53,62,33,21,143,243,18,236,164,46,13,150,25,18,0,176,44,72,109,132,177,16,12,227,205,1,16,72,10,75,194
933.1202392578125,490.19915771484375,77.137939453125,67.953857421875,0.00010021989874076098,5,-1,67,34,40,0,2,77,41,80,40,228,6,200,148,6,210,52,38,129,90,140,129,64,181,64,149,0,11,176,0,0,7,100
1425.8077392578125,410.5729064941406,77.137939453125,123.80635070800781,9.572690032655373e-05,5,-1,97,4,1,69,48,15,74,48,117,32,170,204,211,35,144,116,20,196,92,40,169,128,117,14,160,190,128,16,42,170,80,36
89.57954406738281,293.621826171875,77.137939453125,129.86273193359375,9.47668740991503e-05,5,-1,40,34,1,97,48,79,98,16,48,136,114,64,223,21,16,176,16,28,84,8,9,240,193,14,133,175,32,128,66,128,82,177
268.7386169433594,316.0167236328125,77.137939453125,88.020751953125,9.40328900469467e-05,5,-1,96,32,2,8,72,9,0,64,36,32,192,8,130,128,0,16,72,4,74,0,8,3,195,0,20,32,0,56,64,8,50,128
194.08900451660156,492.6874694824219,77.137939453125,248.44686889648438,9.161242633126676e-05,5,-1,40,59,88,123,108,153,80,88,66,44,120,109,34,201,194,16,152,170,130,64,134,58,74,49,70,197,33,41,123,138,78,147
502.6407470703125,539.965576171875,77.137939453125,60.13282775878906,8.836838242132217e-05,5,-1,152,108,22,182,19,191,86,98,189,2,224,13,47,139,33,153,166,179,200,66,108,207,16,174,243,195,80,19,106,117,43,26
918.1903076171875,390.66632080078125,77.137939453125,221.43484497070312,8.48416457301937e-05,5,-1,185,39,88,33,114,11,122,112,48,224,100,141,23,7,2,17,54,141,197,102,100,212,148,14,118,201,37,32,111,128,10,145
325.9700012207031,380.7130432128906,77.137939453125,220.23553466796875,8.441870886599645e-05,5,-1,88,32,10,160,3,24,16,70,160,133,132,25,44,131,2,144,160,135,201,129,12,75,128,0,210,225,24,19,34,4,171,10
885.8421020507812,552.4071655273438,77.137939453125,27.060504913330078,8.322270150529221e-05,5,-1,220,60,30,116,145,134,90,48,161,132,166,141,31,195,1,27,36,245,73,254,56,199,146,44,219,241,65,9,170,163,34,18
549.9188232421875,318.5050354003906,77.137939453125,348.164306640625,8.23059817776084e-05,5,-1,17,47,131,229,16,14,78,51,48,136,75,192,247,103,1,32,54,252,93,172,201,144,145,10,161,164,38,128,40,242,131,48
109.4861068725586,345.8765563964844,77.137939453125,98.50030517578125,8.148085180437192e-05,5,-1,3,41,86,73,44,11,200,78,79,0,66,8,134,136,148,0,130,13,104,13,0,248,195,80,0,152,17,42,68,136,66,140
1395.9478759765625,415.5495300292969,77.137939453125,35.89339065551758,7.953875319799408e-05,5,-1,124,40,40,50,9,173,72,2,96,164,167,25,147,2,83,24,204,183,200,149,12,66,208,32,211,193,129,113,160,1,10,2
1072.4661865234375,552.4071655273438,77.137939453125,210.00564575195312,7.552108581876382e-05,5,-1,118,227,202,0,211,174,122,81,59,161,109,25,6,195,78,20,49,172,81,156,26,210,152,66,123,28,5,101,163,134,250,130
569.825439453125,335.92327880859375,77.137939453125,79.2099609375,7.499752246076241e-05,5,-1,67,24,236,87,162,60,189,19,109,119,7,184,188,54,151,127,39,23,125,141,128,72,181,97,197,58,90,146,132,213,135,125
1394.4549560546875,489.7015075683594,92.5655288696289,105.81077575683594,8.969874033937231e-05,6,-1,20,181,193,5,146,66,98,145,34,224,203,196,211,38,65,16,49,204,76,184,137,144,221,14,172,132,165,196,173,34,2,16
1388.48291015625,432.9678039550781,92.5655288696289,294.1365051269531,0.00010361267777625471,6,-1,33,55,81,65,52,31,74,23,91,169,184,120,18,24,148,180,156,154,84,40,189,184,65,30,42,220,33,178,72,136,194,141
1460.1466064453125,474.7715759277344,92.5655288696289,275.9666748046875,0.000143052835483104,6,-1,208,5,86,100,18,2,75,32,52,0,234,128,83,3,0,80,50,213,73,168,40,129,1,14,241,164,0,0,96,130,34,2
916.6973266601562,391.16400146484375,92.5655288696289,224.41329956054688,4.510496000875719e-05,6,-1,169,100,77,37,66,11,126,112,52,226,102,131,93,7,18,17,62,141,83,238,100,212,21,76,102,139,65,0,101,176,10,192
450.8836975097656,367.276123046875,92.5655288696289,256.4691162109375,0.0001332231768174097,6,-1,57,48,127,56,82,207,17,48,176,196,100,137,215,213,2,48,30,253,196,36,41,242,240,12,193,227,33,16,96,0,6,243
618.098876953125,549.4212036132812,92.5655288696289,265.1591491699219,5.7296281738672405e-05,6,-1,173,118,59,26,232,255,183,215,216,78,189,252,148,212,175,169,159,50,218,39,241,39,96,54,116,7,56,184,216,93,151,241
1131.688232421875,340.40228271484375,92.5655288696289,271.6119384765625,0.0002442204568069428,6,-1,96,50,88,64,73,93,65,27,115,236,164,13,11,3,70,20,24,132,68,8,12,98,242,82,87,148,1,57,107,128,70,86
1089.8843994140625,438.93975830078125,92.5655288696289,353.5187683105469,4.4159132812637836e-05,6,-1,65,48,56,0,0,12,81,16,96,68,36,13,18,19,2,16,132,4,64,12,132,96,176,0,67,169,0,0,72,0,2,82
501.64544677734375,540.4632568359375,92.5655288696289,72.00982666015625,6.937900616321713e-05,6,-1,86,76,22,190,131,230,7,96,185,6,160,9,110,246,35,91,160,243,72,163,44,131,18,108,177,178,74,27,0,113,39,70
194.08901977539062,492.6875,92.5655288696289,207.82931518554688,4.651448398362845e-05,6,-1,54,178,113,48,219,249,144,73,123,241,49,249,15,220,76,184,191,155,196,17,151,114,140,146,31,212,5,127,225,12,207,133
465.8136291503906,537.477294921875,92.5655288696289,77.15570068359375,0.0001499930367572233,6,-1,114,36,112,88,91,27,194,72,91,32,164,8,2,217,4,21,24,152,66,40,42,35,200,95,51,30,1,59,83,8,78,166
1278.00146484375,388.17803955078125,92.5655288696289,140.8825225830078,5.819157377118245e-05,6,-1,193,7,28,4,84,30,103,48,96,142,126,76,82,32,146,19,4,68,68,110,228,48,1,14,102,171,96,0,72,168,74,1
788.2999877929688,552.4071655273438,92.5655288696289,321.9441833496094,0.00015630539564881474,6,-1,35,227,104,9,108,25,236,200,90,36,112,237,131,200,214,16,154,136,66,71,206,114,206,17,22,24,33,173,93,142,90,196
576.2950439453125,543.44921875,92.5655288696289,170.84523010253906,7.775419362587854e-05,6,-1,18,116,187,118,16,208,176,71,168,201,238,1,60,222,68,50,160,123,193,17,71,205,178,105,107,229,30,43,193,18,175,251
441.9257507324219,537.477294921875,92.5655288696289,48.092063903808594,9.131943807005882e-05,6,-1,120,32,24,56,9,201,65,72,162,180,172,9,23,215,66,16,136,180,73,8,10,67,202,17,209,193,1,61,96,3,6,98
653.9306640625,379.2200622558594,92.5655288696289,287.158203125,6.328883318929002e-05,6,-1,32,32,18,1,74,9,168,64,46,32,96,136,134,2,0,0,72,12,66,8,0,210,197,80,132,128,10,32,65,0,3,128
155.27120971679688,504.6314392089844,92.5655288696289,306.1606750488281,0.00016092050645966083,6,-1,96,54,183,22,105,13,181,120,233,206,48,109,114,252,69,59,133,118,229,39,196,99,186,40,85,58,101,186,72,124,70,119
1158.5621337890625,325.47235107421875,92.5655288696289,225.44105529785156,5.97159523749724e-05,6,-1,3,48,15,165,32,203,169,96,172,224,130,129,213,182,2,32,162,37,121,133,5,193,17,68,128,3,203,128,8,2,35,208
594.2109985351562,373.24810791015625,92.5655288696289,258.37353515625,7.393307896563783e-05,6,-1,115,0,151,44,75,78,9,96,169,192,226,9,86,166,6,22,232,197,104,44,13,99,146,64,145,186,65,26,65,32,34,84
573.30908203125,504.6314392089844,92.5655288696289,2.102630853652954,7.803177868481725e-05,6,-1,217,89,94,52,3,91,20,99,237,98,166,42,31,24,2,49,162,181,236,99,101,237,21,108,179,227,65,19,105,32,43,6
167.21514892578125,504.6314392089844,92.5655288696289,294.224853515625,0.0001722100714687258,6,-1,71,142,110,86,176,12,94,180,185,27,43,221,122,105,156,83,135,71,125,46,240,200,137,111,42,58,100,146,76,242,194,21
1089.8843994140625,325.47235107421875,92.5655288696289,293.0348205566406,6.290939199971035e-05,6,-1,17,48,211,37,2,46,169,0,124,192,99,87,213,51,0,88,54,77,32,141,129,212,149,66,197,174,106,64,41,33,3,161
1119.7442626953125,325.47235107421875,92.5655288696289,285.12872314453125,4.820450703846291e-05,6,-1,54,177,9,219,154,141,146,216,22,121,144,107,242,213,200,0,93,218,83,112,42,82,74,61,239,6,165,254,57,8,18,147
501.64544677734375,552.4071655273438,92.5655288696289,321.21630859375,0.00011526582238730043,6,-1,117,103,88,68,218,23,70,248,97,162,172,76,83,50,135,48,28,196,68,110,205,35,89,30,242,140,37,52,105,242,74,5
1397.44091796875,415.0518798828125,92.5655288696289,44.257442474365234,4.5494671212509274e-05,6,-1,108,32,2,50,137,173,64,1,160,57,163,25,131,217,80,152,129,164,205,20,28,66,194,0,139,241,137,113,200,1,218,2
552.4071655273438,552.4071655273438,92.5655288696289,153.8184051513672,6.809789192629978e-05,6,-1,17,102,181,165,52,46,101,22,100,238,58,68,151,1,17,8,144,68,76,61,137,180,81,10,225,172,32,16,224,248,83,105
910.725341796875,552.4071655273438,92.5655288696289,243.78799438476562,0.00011842511594295502,6,-1,31,54,4,188,137,43,78,72,177,198,65,189,239,98,3,157,182,225,204,167,61,194,88,28,144,227,73,16,184,117,11,20
1448.20263671875,480.7435607910156,92.5655288696289,272.7442932128906,5.84249610255938e-05,6,-1,121,4,85,101,54,11,71,48,116,2,106,72,87,49,128,244,50,148,92,40,41,176,117,14,165,238,32,0,98,160,80,32
1239.1837158203125,289.6405334472656,92.5655288696289,91.02050018310547,0.00015680110664106905,6,-1,4,164,148,84,212,10,166,168,58,146,160,8,209,227,64,17,57,228,98,184,32,97,138,78,45,134,71,28,193,96,67,160
704.6923828125,552.4071655273438,92.5655288696289,298.0757751464844,6.614903395529836e-05,6,-1,114,53,104,4,25,91,86,104,97,230,172,141,66,44,22,22,88,196,192,230,236,35,252,14,123,52,197,63,97,110,94,86
426.9958190917969,259.7806701660156,92.5655288696289,206.4727325439453,6.61141166347079e-05,6,-1,32,160,49,75,73,105,161,141,106,113,33,24,18,21,76,52,9,26,66,24,19,112,250,17,77,152,17,126,82,8,198,226
170.20114135742188,477.757568359375,92.5655288696289,71.44793701171875,4.297700434108265e-05,6,-1,7,44,4,191,224,173,204,3,57,210,65,221,253,106,25,153,135,43,81,141,183,80,94,221,132,26,91,160,220,244,139,132
931.6272583007812,489.7015075683594,92.5655288696289,67.44966125488281,4.282232475816272e-05,6,-1,83,48,42,0,2,92,41,80,40,76,134,12,156,22,146,116,32,129,91,140,129,65,180,64,209,1,139,128,0,0,39,116
244.8507537841797,316.514404296875,92.5655288696289,7.046487808227539,4.2246767407050356e-05,6,-1,64,32,17,64,0,73,1,0,96,32,32,8,18,21,0,48,0,20,64,0,1,96,160,0,1,128,1,32,64,0,70,32
1370.5670166015625,492.6875,92.5655288696289,88.62535858154297,4.012777571915649e-05,6,-1,33,60,37,91,56,207,133,55,20,106,210,228,178,52,144,33,12,50,91,14,225,248,117,61,100,10,112,144,92,136,16,249
1445.2166748046875,462.82763671875,92.5655288696289,51.13911819458008,3.9171616663224995e-05,6,-1,88,1,146,228,11,24,2,33,163,32,163,2,203,162,0,214,96,180,232,192,24,3,193,0,179,229,2,19,34,34,78,6
576.8922729492188,541.0604858398438,111.0786361694336,152.09178161621094,4.37232265539933e-05,7,-1,133,177,57,121,160,204,177,187,120,89,96,52,180,223,72,49,150,27,117,65,211,104,146,35,201,168,42,200,72,0,131,179
1132.2855224609375,340.40228271484375,111.0786361694336,265.42535400390625,0.00011819219798780978,7,-1,104,48,113,64,105,93,81,91,123,236,164,61,10,21,198,148,152,140,196,0,153,122,242,82,23,220,17,58,75,132,198,119
1461.938232421875,472.9800109863281,111.0786361694336,297.469482421875,7.219973485916853e-05,7,-1,88,75,4,36,0,10,78,48,33,128,142,200,207,3,128,214,36,196,108,238,72,130,193,12,176,225,200,16,34,182,42,0
1121.535888671875,326.0695495605469,111.0786361694336,270.5898742675781,3.874683170579374e-05,7,-1,39,165,25,195,248,141,154,200,14,177,184,200,180,218,76,32,143,27,83,92,2,35,203,51,45,28,13,254,212,10,3,165
1390.2745361328125,433.56500244140625,111.0786361694336,306.6493225097656,4.220493428874761e-05,7,-1,161,189,21,64,112,143,166,183,104,32,42,76,182,48,4,49,132,18,82,40,225,168,81,47,37,152,0,80,72,0,195,169
164.8263702392578,505.2286376953125,111.0786361694336,286.1759948730469,7.978158100740984e-05,7,-1,71,142,236,87,240,8,72,168,171,21,34,153,107,107,156,211,7,199,125,60,178,64,143,119,46,62,85,196,132,130,194,36
154.07681274414062,501.64544677734375,111.0786361694336,293.5473937988281,5.085128213977441e-05,7,-1,106,163,244,86,104,9,191,160,170,180,56,232,236,236,220,146,134,119,243,7,128,97,206,97,108,31,101,184,68,166,91,161
451.4809265136719,369.0677185058594,111.0786361694336,257.91552734375,5.3376432333607227e-05,7,-1,41,48,126,40,66,207,49,88,164,68,102,137,87,215,34,48,14,56,112,12,0,241,50,0,195,203,64,1,96,128,6,226
465.8136291503906,537.477294921875,111.0786361694336,35.942508697509766,6.634239252889529e-05,7,-1,36,169,56,66,221,201,147,140,203,117,172,9,146,217,78,52,137,26,66,80,22,106,234,49,107,29,5,127,208,10,206,206
1239.7808837890625,290.23773193359375,111.0786361694336,128.627197265625,9.560516627971083e-05,7,-1,245,99,212,69,146,15,78,56,116,160,170,104,211,19,129,50,22,196,76,238,104,192,77,10,160,142,37,20,40,242,2,0
426.3986511230469,257.9891052246094,111.0786361694336,188.958251953125,3.595053931348957e-05,7,-1,109,48,17,65,9,125,160,136,106,240,33,24,154,16,69,184,137,20,80,82,21,100,248,16,13,217,1,118,200,9,67,166
573.30908203125,505.2286376953125,111.0786361694336,10.72726821899414,3.320556425023824e-05,7,-1,210,74,63,116,9,216,156,35,237,6,162,152,175,142,4,251,166,181,232,130,108,237,166,72,147,243,90,3,65,48,175,44
594.8081665039062,372.6509094238281,111.0786361694336,248.94485473632812,3.242360253352672e-05,7,-1,113,8,135,60,73,196,64,72,163,192,160,9,70,246,36,210,200,229,104,132,13,75,146,16,145,250,64,26,80,32,98,70
440.7313537597656,533.8941040039062,111.0786361694336,35.5374870300293,3.19935534207616e-05,7,-1,40,33,17,104,25,233,67,72,35,0,236,8,50,215,65,20,152,184,64,72,11,34,234,17,145,220,1,63,82,3,70,34
1279.1959228515625,386.983642578125,111.0786361694336,133.83131408691406,3.174641460645944e-05,7,-1,105,6,37,5,116,14,227,48,108,68,118,8,75,33,150,19,2,68,98,44,160,240,37,12,102,43,96,0,66,172,82,96
1393.8577880859375,487.312744140625,111.0786361694336,179.60296630859375,2.750069324974902e-05,7,-1,126,50,179,84,235,120,148,67,187,174,49,56,74,252,197,190,177,117,229,0,1,85,160,194,19,244,65,179,195,101,7,119
917.2945556640625,390.56683349609375,111.0786361694336,236.66720581054688,2.4434441002085805e-05,7,-1,25,68,68,37,67,59,108,96,53,34,98,129,79,35,19,187,50,197,115,174,100,208,5,12,228,203,72,1,103,244,10,128
247.2395477294922,315.32000732421875,111.0786361694336,8.234224319458008,2.3840639187255874e-05,7,-1,64,32,81,64,32,73,1,0,96,136,48,40,18,21,192,48,2,20,68,0,1,96,160,0,1,128,33,0,64,0,6,33
1404.6072998046875,440.7313537597656,111.0786361694336,12.96384334564209,2.1183695935178548e-05,7,-1,219,59,135,165,58,114,184,32,172,196,130,231,77,110,129,227,166,117,248,229,133,193,183,76,152,99,107,130,44,37,37,85
1150.201416015625,386.983642578125,111.0786361694336,349.52166748046875,2.021541331487242e-05,7,-1,32,162,113,91,66,201,160,221,114,9,113,112,49,80,140,52,63,154,6,128,147,186,172,113,4,168,48,0,97,128,230,169
935.21044921875,490.8959045410156,111.0786361694336,69.37125396728516,1.9558132407837547e-05,7,-1,88,48,43,64,37,84,176,80,100,168,150,104,152,159,212,112,32,148,93,136,136,67,129,64,211,73,163,129,2,0,119,35
1157.3677978515625,386.983642578125,111.0786361694336,69.349609375,1.9462602722342126e-05,7,-1,88,32,104,33,2,121,25,0,36,100,7,136,159,22,3,120,38,145,221,74,0,68,37,0,193,129,41,177,34,133,7,96
1089.2872314453125,326.0695495605469,111.0786361694336,306.07745361328125,1.8488193745724857e-05,7,-1,20,52,81,165,146,106,43,144,52,65,67,242,213,39,136,104,55,221,60,185,49,208,29,14,196,166,42,68,173,161,165,48
1397.44091796875,412.06591796875,111.0786361694336,64.31774139404297,1.76199282577727e-05,7,-1,81,160,18,34,129,72,96,204,238,49,162,88,150,146,72,244,161,3,104,17,18,9,152,113,153,144,30,119,64,0,171,14
1160.950927734375,326.0695495605469,111.0786361694336,237.08567810058594,1.746657471812796e-05,7,-1,25,65,62,165,3,18,185,64,228,68,134,0,221,182,34,98,162,85,121,201,12,193,53,4,209,225,202,1,4,38,37,96
569.7258911132812,333.23590087890625,111.0786361694336,95.40445709228516,1.652722858125344e-05,7,-1,70,168,188,123,168,140,184,142,170,17,0,17,156,187,84,74,167,83,121,17,146,73,155,97,78,56,30,126,156,208,139,11
483.72955322265625,455.0640869140625,111.0786361694336,130.05381774902344,1.6230678738793358e-05,7,-1,8,50,1,33,100,13,160,16,56,200,112,236,151,21,144,132,22,28,215,9,129,240,144,0,133,208,32,130,78,132,19,177
1092.8704833984375,437.148193359375,111.0786361694336,1.3208879232406616,1.59661503857933e-05,7,-1,65,48,56,32,0,12,81,16,32,64,32,13,22,25,18,16,128,5,81,5,128,96,144,0,65,40,0,0,72,0,66,82
533.8941040039062,315.32000732421875,111.0786361694336,75.02203369140625,1.5580955732730217e-05,7,-1,87,18,165,17,131,124,173,135,46,255,2,245,137,46,215,126,165,71,253,148,151,200,183,192,142,114,222,198,168,100,133,93
1447.60546875,447.8977355957031,111.0786361694336,255.3645477294922,1.5278372302418575e-05,7,-1,231,109,232,66,170,29,158,134,171,166,44,137,169,44,87,62,7,115,209,95,212,74,238,226,107,89,77,59,199,247,135,108
584.0586547851562,386.983642578125,111.0786361694336,267.87762451171875,1.5205208001134451e-05,7,-1,0,50,81,97,102,8,240,0,105,0,112,68,133,9,20,16,174,21,67,1,129,48,144,64,4,184,2,2,77,128,67,130
